***SENSOR SELECTION,,,,,
CH 1-Voltage(±1V),,,,,
CH 2-Voltage(±1V),,,,,
CH 3-Voltage(±1V),,,,,
INTERNAL,,,,,
*** Sampling Rate ,,,,,
1 Data Per 1 Min,,,,,
*** Duration to Monitor  ,,,,,
1 Day,,,,,
Start: 08-NOV-2022  01:38PM,,,,,
Time(s),V1,V2,V3,°C,Vavg
0,0.601704,0.63099,0.614483,,0.615725667
60,0.686901,0.71459,0.735889,24.926,0.71246
120,0.778488,0.791267,0.789137,24.804,0.786297333
180,0.795527,0.810436,0.805112,24.743,0.803691667
240,0.809904,0.820554,0.816826,24.804,0.815761333
300,0.820021,0.827476,0.825878,24.6819,0.824458333
360,0.825346,0.831736,0.830671,24.4989,0.829251
420,0.828008,0.835463,0.833866,24.3768,0.832445667
480,0.830138,0.837593,0.835996,24.3158,0.834575667
540,0.831203,0.83919,0.837061,24.1938,0.835818
600,0.831203,0.840255,0.837593,24.1327,0.836350333
660,0.831203,0.840788,0.838126,24.0107,0.836705667
720,0.830138,0.84132,0.837593,24.0107,0.836350333
780,0.829606,0.84132,0.837593,23.9497,0.836173
840,0.829606,0.841853,0.837593,23.8887,0.836350667
900,0.829073,0.841853,0.837593,23.8276,0.836173
960,0.828541,0.841853,0.837593,23.7666,0.835995667
1020,0.828541,0.842385,0.837593,23.7056,0.836173
1080,0.828008,0.842385,0.837593,23.6446,0.835995333
1140,0.828008,0.842385,0.838126,23.5836,0.836173
1200,0.828541,0.842918,0.838126,23.5225,0.836528333
1260,0.829073,0.842918,0.838658,23.4615,0.836883
1320,0.829606,0.84345,0.838658,23.4615,0.837238
1380,0.830671,0.84345,0.83919,23.4005,0.837770333
1440,0.831736,0.84345,0.839723,23.3395,0.838303
1500,0.832801,0.843983,0.840255,23.2785,0.839013
1560,0.833866,0.844515,0.84132,23.2785,0.839900333
1620,0.834931,0.845048,0.841853,23.2785,0.840610667
1680,0.836528,0.845048,0.842385,23.2174,0.841320333
1740,0.837593,0.84558,0.842918,23.2174,0.842030333
1800,0.838658,0.846113,0.84345,23.1564,0.842740333
1860,0.839723,0.846645,0.844515,23.1564,0.843627667
1920,0.841853,0.847178,0.845048,23.1564,0.844693
1980,0.84345,0.84771,0.84558,23.0954,0.84558
2040,0.84558,0.848243,0.846113,23.0954,0.846645333
2100,0.846645,0.848775,0.846645,23.0954,0.847355
2160,0.84771,0.849308,0.84771,23.0954,0.848242667
2220,0.848775,0.84984,0.848243,23.0954,0.848952667
2280,0.84984,0.850373,0.848775,23.0954,0.849662667
2340,0.850905,0.850905,0.84984,23.0954,0.85055
2400,0.851438,0.851438,0.850373,23.0954,0.851083
2460,0.853035,0.85197,0.851438,23.0954,0.852147667
2520,0.853567,0.85197,0.85197,23.0954,0.852502333
2580,0.854632,0.852503,0.853035,23.0954,0.85339
2640,0.855697,0.852503,0.853567,23.0344,0.853922333
2700,0.855697,0.852503,0.854632,23.0344,0.854277333
2760,0.856762,0.853035,0.854632,23.0344,0.854809667
2820,0.857295,0.853035,0.855697,23.0344,0.855342333
2880,0.857827,0.853567,0.856762,23.0344,0.856052
2940,0.858892,0.8541,0.857295,23.0344,0.856762333
3000,0.859425,0.854632,0.857827,23.0954,0.857294667
3060,0.859957,0.854632,0.858892,23.0954,0.857827
3120,0.86049,0.854632,0.859425,23.0954,0.858182333
3180,0.861022,0.855165,0.859957,23.0954,0.858714667
3240,0.861555,0.854632,0.86049,23.0344,0.858892333
3300,0.862087,0.854632,0.861022,23.0344,0.859247
3360,0.861555,0.855165,0.861555,23.0344,0.859425
3420,0.862087,0.855165,0.862087,23.0344,0.859779667
3480,0.86262,0.855165,0.86262,23.0344,0.860135
3540,0.863152,0.855697,0.863152,22.9734,0.860667
3600,0.863685,0.855697,0.863685,22.9734,0.861022333
3660,0.864217,0.855697,0.864217,22.9734,0.861377
3720,0.864217,0.855697,0.865282,22.9123,0.861732
3780,0.86475,0.85623,0.865282,22.9123,0.862087333
3840,0.86475,0.85623,0.865815,22.9123,0.862265
3900,0.865282,0.856762,0.86688,22.8513,0.862974667
3960,0.865815,0.856762,0.86688,22.8513,0.863152333
4020,0.866347,0.856762,0.867412,22.7903,0.863507
4080,0.86688,0.856762,0.867944,22.7903,0.863862
4140,0.867412,0.857295,0.868477,22.7293,0.864394667
4200,0.867412,0.857295,0.869009,22.7293,0.864572
4260,0.867944,0.857295,0.869542,22.6682,0.864927
4320,0.868477,0.857295,0.869542,22.6682,0.865104667
4380,0.868477,0.857295,0.870074,22.6682,0.865282
4440,0.869009,0.857295,0.870074,22.6072,0.865459333
4500,0.869009,0.857295,0.870607,22.6072,0.865637
4560,0.869542,0.857827,0.871139,22.6072,0.866169333
4620,0.870074,0.857827,0.871672,22.6072,0.866524333
4680,0.870074,0.857827,0.871672,22.6072,0.866524333
4740,0.869542,0.857827,0.872204,22.6072,0.866524333
4800,0.870607,0.857827,0.872737,22.5462,0.867057
4860,0.871139,0.857827,0.872737,22.5462,0.867234333
4920,0.871139,0.857827,0.873269,22.5462,0.867411667
4980,0.871672,0.857827,0.873269,22.5462,0.867589333
5040,0.872204,0.857827,0.873802,22.5462,0.867944333
5100,0.872204,0.857827,0.873802,22.5462,0.867944333
5160,0.872204,0.857827,0.873802,22.5462,0.867944333
5220,0.872204,0.857827,0.874334,22.5462,0.868121667
5280,0.872737,0.85836,0.874334,22.5462,0.868477
5340,0.873802,0.857827,0.874867,22.5462,0.868832
5400,0.873802,0.857827,0.874867,22.5462,0.868832
5460,0.874334,0.857827,0.874867,22.5462,0.869009333
5520,0.874334,0.85836,0.874334,22.4852,0.869009333
5580,0.874334,0.85836,0.874867,22.4852,0.869187
5640,0.874334,0.85836,0.874867,22.4852,0.869187
5700,0.874334,0.85836,0.874867,22.4852,0.869187
5760,0.874334,0.85836,0.875399,22.4852,0.869364333
5820,0.875399,0.85836,0.874867,22.4852,0.869542
5880,0.875932,0.85836,0.875399,22.4852,0.869897
5940,0.875932,0.85836,0.875932,22.4852,0.870074667
6000,0.875932,0.85836,0.875399,22.4852,0.869897
6060,0.876464,0.85836,0.875932,22.4852,0.870252
6120,0.876464,0.85836,0.875399,22.4852,0.870074333
6180,0.876997,0.857827,0.875399,22.4852,0.870074333
6240,0.876997,0.857827,0.875399,22.4852,0.870074333
6300,0.876997,0.857827,0.875399,22.4852,0.870074333
6360,0.877529,0.857827,0.875399,22.4852,0.870251667
6420,0.878062,0.857827,0.875932,22.4852,0.870607
6480,0.878062,0.857827,0.875932,22.4852,0.870607
6540,0.878062,0.857827,0.875932,22.4852,0.870607
6600,0.878062,0.857827,0.875932,22.4852,0.870607
6660,0.878594,0.857827,0.875932,22.4852,0.870784333
6720,0.878594,0.857827,0.875932,22.4852,0.870784333
6780,0.878594,0.857827,0.876464,22.4852,0.870961667
6840,0.879127,0.857827,0.876464,22.4852,0.871139333
6900,0.879659,0.857295,0.876464,22.4852,0.871139333
6960,0.879659,0.857295,0.876464,22.4852,0.871139333
7020,0.879659,0.857295,0.876464,22.4852,0.871139333
7080,0.880192,0.857295,0.876997,22.4852,0.871494667
7140,0.880192,0.857295,0.876997,22.4852,0.871494667
7200,0.880724,0.857295,0.876464,22.4242,0.871494333
7260,0.881257,0.857295,0.876464,22.4242,0.871672
7320,0.880724,0.856762,0.876464,22.4242,0.871316667
7380,0.881257,0.856762,0.876464,22.4242,0.871494333
7440,0.881257,0.856762,0.876464,22.4242,0.871494333
7500,0.881257,0.857295,0.876464,22.4242,0.871672
7560,0.881257,0.856762,0.876997,22.4242,0.871672
7620,0.881789,0.856762,0.876997,22.4242,0.871849333
7680,0.882321,0.856762,0.876997,22.4242,0.872026667
7740,0.882321,0.856762,0.876997,22.4242,0.872026667
7800,0.882321,0.85623,0.877529,22.4242,0.872026667
7860,0.882854,0.856762,0.877529,22.4242,0.872381667
7920,0.882854,0.856762,0.877529,22.4242,0.872381667
7980,0.882854,0.856762,0.877529,22.4242,0.872381667
8040,0.882854,0.85623,0.876997,22.4242,0.872027
8100,0.882854,0.85623,0.877529,22.4242,0.872204333
8160,0.883386,0.85623,0.877529,22.4242,0.872381667
8220,0.882854,0.85623,0.877529,22.4242,0.872204333
8280,0.882854,0.85623,0.876997,22.4242,0.872027
8340,0.883386,0.85623,0.876997,22.4242,0.872204333
8400,0.883386,0.85623,0.877529,22.4242,0.872381667
8460,0.883919,0.85623,0.877529,22.4242,0.872559333
8520,0.883386,0.855697,0.876997,22.4242,0.872026667
8580,0.883919,0.855697,0.876997,22.4242,0.872204333
8640,0.883919,0.855697,0.876997,22.4242,0.872204333
8700,0.883919,0.855697,0.876997,22.4242,0.872204333
8760,0.884451,0.855165,0.876997,22.4242,0.872204333
8820,0.884984,0.855165,0.877529,22.4242,0.872559333
8880,0.884451,0.855697,0.876997,22.4242,0.872381667
8940,0.884451,0.855165,0.876997,22.4242,0.872204333
9000,0.884451,0.855165,0.877529,22.4242,0.872381667
9060,0.884984,0.855165,0.877529,22.4242,0.872559333
9120,0.885516,0.855165,0.876997,22.4242,0.872559333
9180,0.884984,0.855165,0.877529,22.4242,0.872559333
9240,0.884984,0.854632,0.878062,22.4242,0.872559333
9300,0.885516,0.854632,0.878062,22.4242,0.872736667
9360,0.885516,0.854632,0.877529,22.4242,0.872559
9420,0.884984,0.854632,0.877529,22.4242,0.872381667
9480,0.885516,0.854632,0.876997,22.4242,0.872381667
9540,0.886049,0.8541,0.876997,22.4242,0.872382
9600,0.886049,0.8541,0.877529,22.4242,0.872559333
9660,0.885516,0.8541,0.877529,22.4242,0.872381667
9720,0.885516,0.8541,0.877529,22.4242,0.872381667
9780,0.885516,0.8541,0.876997,22.4242,0.872204333
9840,0.885516,0.8541,0.876997,22.4242,0.872204333
9900,0.885516,0.8541,0.877529,22.4242,0.872381667
9960,0.885516,0.853567,0.877529,22.4242,0.872204
10020,0.885516,0.8541,0.877529,22.4242,0.872381667
10080,0.886049,0.8541,0.876997,22.4242,0.872382
10140,0.885516,0.853567,0.876997,22.4242,0.872026667
10200,0.886049,0.853567,0.876464,22.4242,0.872026667
10260,0.886049,0.853567,0.876997,22.4242,0.872204333
10320,0.886049,0.853567,0.876997,22.4242,0.872204333
10380,0.886049,0.853567,0.876997,22.4242,0.872204333
10440,0.885516,0.853567,0.877529,22.4242,0.872204
10500,0.885516,0.853567,0.877529,22.4242,0.872204
10560,0.885516,0.853035,0.877529,22.4242,0.872026667
10620,0.886049,0.853035,0.877529,22.4242,0.872204333
10680,0.884984,0.853035,0.877529,22.4242,0.871849333
10740,0.884984,0.853035,0.877529,22.4242,0.871849333
10800,0.884984,0.853035,0.877529,22.4242,0.871849333
10860,0.884984,0.853035,0.876997,22.4242,0.871672
10920,0.884451,0.853035,0.876997,22.4242,0.871494333
10980,0.884451,0.853035,0.876464,22.4242,0.871316667
11040,0.883919,0.852503,0.876997,22.4242,0.871139667
11100,0.884451,0.853035,0.876464,22.4242,0.871316667
11160,0.884451,0.852503,0.876464,22.4242,0.871139333
11220,0.884451,0.853035,0.875932,22.4242,0.871139333
11280,0.884451,0.852503,0.875399,22.4242,0.870784333
11340,0.884451,0.852503,0.875399,22.4242,0.870784333
11400,0.884451,0.852503,0.875399,22.4242,0.870784333
11460,0.884451,0.852503,0.874867,22.4852,0.870607
11520,0.884451,0.852503,0.874867,22.4242,0.870607
11580,0.884451,0.85197,0.874867,22.4852,0.870429333
11640,0.883919,0.85197,0.874867,22.4852,0.870252
11700,0.883386,0.85197,0.875399,22.4852,0.870251667
11760,0.883919,0.85197,0.874867,22.4852,0.870252
11820,0.883919,0.85197,0.874867,22.4852,0.870252
11880,0.883919,0.85197,0.874334,22.4852,0.870074333
11940,0.883919,0.851438,0.874334,22.4852,0.869897
12000,0.883386,0.851438,0.874867,22.4852,0.869897
12060,0.883386,0.851438,0.874334,22.4852,0.869719333
12120,0.883386,0.851438,0.874334,22.4852,0.869719333
12180,0.882854,0.851438,0.874867,22.4852,0.869719667
12240,0.883386,0.851438,0.874867,22.4852,0.869897
12300,0.883386,0.851438,0.874867,22.4852,0.869897
12360,0.883386,0.851438,0.875399,22.4852,0.870074333
12420,0.883386,0.850905,0.875399,22.4852,0.869896667
12480,0.883386,0.850905,0.874867,22.4852,0.869719333
12540,0.882854,0.850905,0.874867,22.4852,0.869542
12600,0.883386,0.850905,0.874867,22.4852,0.869719333
12660,0.883386,0.850905,0.874867,22.4852,0.869719333
12720,0.883386,0.850905,0.874867,22.4852,0.869719333
12780,0.882854,0.850905,0.874867,22.4852,0.869542
12840,0.882854,0.850905,0.874867,22.4852,0.869542
12900,0.882854,0.850373,0.874334,22.4852,0.869187
12960,0.882854,0.850373,0.874334,22.4852,0.869187
13020,0.882854,0.850373,0.874334,22.4852,0.869187
13080,0.882854,0.850373,0.874334,22.4852,0.869187
13140,0.882321,0.850373,0.874867,22.4852,0.869187
13200,0.882321,0.850373,0.874867,22.4852,0.869187
13260,0.882321,0.84984,0.874867,22.5462,0.869009333
13320,0.882854,0.84984,0.875399,22.5462,0.869364333
13380,0.882321,0.850373,0.875399,22.5462,0.869364333
13440,0.882854,0.84984,0.875932,22.6072,0.869542
13500,0.882854,0.84984,0.876464,22.6072,0.869719333
13560,0.882854,0.84984,0.876464,22.6072,0.869719333
13620,0.882854,0.84984,0.875932,22.6072,0.869542
13680,0.882854,0.84984,0.875932,22.6072,0.869542
13740,0.883386,0.84984,0.875399,22.6682,0.869541667
13800,0.883386,0.84984,0.875399,22.6682,0.869541667
13860,0.883386,0.849308,0.875932,22.6682,0.869542
13920,0.883386,0.84984,0.875932,22.6682,0.869719333
13980,0.883386,0.84984,0.875399,22.6682,0.869541667
14040,0.883919,0.849308,0.875399,22.6682,0.869542
14100,0.883919,0.849308,0.874867,22.6682,0.869364667
14160,0.883919,0.849308,0.874867,22.6682,0.869364667
14220,0.882854,0.849308,0.874867,22.6682,0.869009667
14280,0.882321,0.849308,0.874867,22.7293,0.868832
14340,0.881789,0.849308,0.875399,22.6682,0.868832
14400,0.881789,0.849308,0.875399,22.6682,0.868832
14460,0.881789,0.848775,0.875399,22.6682,0.868654333
14520,0.881789,0.849308,0.875932,22.6682,0.869009667
14580,0.882321,0.848775,0.876464,22.6682,0.869186667
14640,0.882321,0.848775,0.876464,22.6682,0.869186667
14700,0.882854,0.848775,0.876464,22.6682,0.869364333
14760,0.883386,0.848775,0.876464,22.6682,0.869541667
14820,0.882854,0.848775,0.875932,22.6682,0.869187
14880,0.882854,0.848775,0.875399,22.6072,0.869009333
14940,0.882321,0.848775,0.875399,22.6682,0.868831667
15000,0.881789,0.848243,0.875932,22.6072,0.868654667
15060,0.881257,0.848243,0.875932,22.6072,0.868477333
15120,0.881257,0.848243,0.875399,22.6072,0.868299667
15180,0.880724,0.848243,0.875399,22.6072,0.868122
15240,0.880724,0.848243,0.875932,22.6072,0.868299667
15300,0.880724,0.848243,0.875932,22.6072,0.868299667
15360,0.880192,0.848243,0.876464,22.6072,0.868299667
15420,0.880192,0.84771,0.876464,22.6072,0.868122
15480,0.880192,0.84771,0.876464,22.6072,0.868122
15540,0.880724,0.84771,0.876464,22.6072,0.868299333
15600,0.880724,0.84771,0.876464,22.6072,0.868299333
15660,0.880192,0.84771,0.876464,22.6072,0.868122
15720,0.880724,0.84771,0.875399,22.6072,0.867944333
15780,0.880724,0.847178,0.875932,22.6072,0.867944667
15840,0.880724,0.847178,0.875932,22.6072,0.867944667
15900,0.880724,0.84771,0.875932,22.6072,0.868122
15960,0.881257,0.847178,0.875932,22.6072,0.868122333
16020,0.881257,0.847178,0.875399,22.6072,0.867944667
16080,0.881257,0.847178,0.875932,22.6072,0.868122333
16140,0.881789,0.847178,0.875932,22.6072,0.868299667
16200,0.881257,0.847178,0.875399,22.6072,0.867944667
16260,0.881257,0.847178,0.874334,22.6072,0.867589667
16320,0.881257,0.847178,0.874867,22.6072,0.867767333
16380,0.881257,0.847178,0.875399,22.6072,0.867944667
16440,0.881257,0.846645,0.875399,22.6072,0.867767
16500,0.880724,0.846645,0.875399,22.6072,0.867589333
16560,0.881257,0.846645,0.875399,22.5462,0.867767
16620,0.880724,0.846645,0.875399,22.6072,0.867589333
16680,0.881257,0.846113,0.875932,22.6072,0.867767333
16740,0.881257,0.846645,0.875399,22.5462,0.867767
16800,0.880724,0.846113,0.875932,22.5462,0.867589667
16860,0.881257,0.846113,0.875932,22.5462,0.867767333
16920,0.880724,0.846113,0.875932,22.5462,0.867589667
16980,0.880724,0.846113,0.875932,22.5462,0.867589667
17040,0.880724,0.846113,0.875932,22.5462,0.867589667
17100,0.880724,0.846113,0.875932,22.5462,0.867589667
17160,0.880724,0.846113,0.875399,22.5462,0.867412
17220,0.880724,0.84558,0.874867,22.5462,0.867057
17280,0.880192,0.84558,0.874334,22.5462,0.866702
17340,0.880724,0.84558,0.873802,22.5462,0.866702
17400,0.880724,0.84558,0.873802,22.5462,0.866702
17460,0.880192,0.845048,0.874334,22.5462,0.866524667
17520,0.880724,0.845048,0.873802,22.5462,0.866524667
17580,0.880724,0.845048,0.873802,22.5462,0.866524667
17640,0.880724,0.845048,0.873802,22.5462,0.866524667
17700,0.880724,0.844515,0.873802,22.5462,0.866347
17760,0.880724,0.844515,0.874334,22.5462,0.866524333
17820,0.880724,0.844515,0.873802,22.5462,0.866347
17880,0.880192,0.844515,0.873269,22.5462,0.865992
17940,0.880192,0.844515,0.873269,22.5462,0.865992
18000,0.880192,0.843983,0.872737,22.5462,0.865637333
18060,0.880192,0.843983,0.872204,22.4852,0.865459667
18120,0.880192,0.843983,0.871672,22.4852,0.865282333
18180,0.880192,0.843983,0.871139,22.4852,0.865104667
18240,0.879659,0.843983,0.871139,22.4852,0.864927
18300,0.880192,0.843983,0.870607,22.4852,0.864927333
18360,0.879659,0.843983,0.871139,22.4852,0.864927
18420,0.879659,0.843983,0.871139,22.4852,0.864927
18480,0.879659,0.84345,0.870607,22.4852,0.864572
18540,0.879127,0.84345,0.871139,22.4852,0.864572
18600,0.879127,0.84345,0.870607,22.4852,0.864394667
18660,0.879127,0.84345,0.870074,22.4852,0.864217
18720,0.879127,0.84345,0.870074,22.4852,0.864217
18780,0.878594,0.84345,0.869542,22.4852,0.863862
18840,0.878594,0.84345,0.869542,22.4852,0.863862
18900,0.878594,0.84345,0.869009,22.4242,0.863684333
18960,0.878062,0.842918,0.868477,22.4242,0.863152333
19020,0.878062,0.842918,0.867944,22.4242,0.862974667
19080,0.878062,0.842918,0.867944,22.4242,0.862974667
19140,0.878062,0.842918,0.867412,22.4242,0.862797333
19200,0.877529,0.842918,0.86688,22.4242,0.862442333
19260,0.877529,0.842918,0.866347,22.4242,0.862264667
19320,0.877529,0.842918,0.86688,22.4242,0.862442333
19380,0.876997,0.842918,0.866347,22.3631,0.862087333
19440,0.876997,0.842918,0.865815,22.3631,0.86191
19500,0.876997,0.842918,0.865282,22.3631,0.861732333
19560,0.876464,0.842385,0.86475,22.3631,0.861199667
19620,0.876464,0.842385,0.86475,22.3631,0.861199667
19680,0.875932,0.842385,0.86475,22.3631,0.861022333
19740,0.875399,0.842385,0.86475,22.3631,0.860844667
19800,0.875399,0.842385,0.864217,22.3631,0.860667
19860,0.875399,0.841853,0.864217,22.3631,0.860489667
19920,0.874867,0.841853,0.863685,22.3631,0.860135
19980,0.874867,0.841853,0.863152,22.3631,0.859957333
20040,0.875399,0.841853,0.86262,22.3631,0.859957333
20100,0.875399,0.841853,0.86262,22.3631,0.859957333
20160,0.874867,0.841853,0.862087,22.3631,0.859602333
20220,0.874867,0.84132,0.862087,22.3631,0.859424667
20280,0.874867,0.84132,0.861555,22.3631,0.859247333
20340,0.874334,0.84132,0.861555,22.3631,0.859069667
20400,0.873802,0.84132,0.861555,22.3631,0.858892333
20460,0.873802,0.84132,0.861022,22.3631,0.858714667
20520,0.873802,0.84132,0.861022,22.3631,0.858714667
20580,0.873269,0.84132,0.861022,22.3631,0.858537
20640,0.873269,0.84132,0.86049,22.3631,0.858359667
20700,0.873269,0.840788,0.859957,22.3631,0.858004667
20760,0.873269,0.840788,0.859957,22.3631,0.858004667
20820,0.872737,0.840788,0.859957,22.3631,0.857827333
20880,0.872737,0.84132,0.859957,22.3631,0.858004667
20940,0.872737,0.840788,0.859957,22.3631,0.857827333
21000,0.872737,0.840788,0.859957,22.3631,0.857827333
21060,0.872204,0.84132,0.859957,22.3631,0.857827
21120,0.872204,0.840788,0.859425,22.3631,0.857472333
21180,0.872204,0.840788,0.858892,22.3631,0.857294667
21240,0.871672,0.840788,0.858892,22.3631,0.857117333
21300,0.871672,0.840255,0.858892,22.3631,0.856939667
21360,0.871139,0.840255,0.85836,22.3021,0.856584667
21420,0.871139,0.840255,0.85836,22.3021,0.856584667
21480,0.871139,0.840255,0.85836,22.3021,0.856584667
21540,0.871139,0.840255,0.85836,22.3021,0.856584667
21600,0.870607,0.839723,0.85836,22.3021,0.85623
21660,0.870607,0.840255,0.857827,22.3021,0.856229667
21720,0.870074,0.839723,0.857827,22.3631,0.855874667
21780,0.870074,0.839723,0.857295,22.3631,0.855697333
21840,0.869542,0.839723,0.857295,22.3631,0.85552
21900,0.869542,0.839723,0.856762,22.3631,0.855342333
21960,0.869009,0.839723,0.856762,22.4242,0.855164667
22020,0.869009,0.839723,0.856762,22.4242,0.855164667
22080,0.869009,0.839723,0.856762,22.4242,0.855164667
22140,0.869009,0.839723,0.856762,22.4242,0.855164667
22200,0.868477,0.839723,0.856762,22.4242,0.854987333
22260,0.867944,0.83919,0.857295,22.4242,0.854809667
22320,0.867944,0.839723,0.856762,22.4242,0.854809667
22380,0.867944,0.839723,0.856762,22.4242,0.854809667
22440,0.867944,0.83919,0.85623,22.4242,0.854454667
22500,0.867412,0.83919,0.85623,22.4242,0.854277333
22560,0.867412,0.83919,0.85623,22.4852,0.854277333
22620,0.867412,0.83919,0.85623,22.4852,0.854277333
22680,0.867412,0.83919,0.85623,22.4852,0.854277333
22740,0.86688,0.83919,0.85623,22.4852,0.8541
22800,0.86688,0.83919,0.85623,22.4852,0.8541
22860,0.866347,0.83919,0.85623,22.4852,0.853922333
22920,0.866347,0.83919,0.85623,22.4852,0.853922333
22980,0.865815,0.83919,0.85623,22.4852,0.853745
23040,0.865815,0.83919,0.855697,22.4852,0.853567333
23100,0.865282,0.83919,0.855697,22.4852,0.853389667
23160,0.865815,0.83919,0.85623,22.4852,0.853745
23220,0.865282,0.83919,0.855697,22.4852,0.853389667
23280,0.86475,0.83919,0.855697,22.4852,0.853212333
23340,0.86475,0.83919,0.855697,22.5462,0.853212333
23400,0.86475,0.83919,0.855697,22.5462,0.853212333
23460,0.864217,0.83919,0.855165,22.5462,0.852857333
23520,0.864217,0.83919,0.855697,22.5462,0.853034667
23580,0.863685,0.83919,0.855697,22.5462,0.852857333
23640,0.863685,0.83919,0.855697,22.5462,0.852857333
23700,0.863685,0.83919,0.855697,22.5462,0.852857333
23760,0.863152,0.838658,0.855697,22.5462,0.852502333
23820,0.863152,0.838658,0.855697,22.5462,0.852502333
23880,0.86262,0.838658,0.855697,22.4852,0.852325
23940,0.86262,0.838658,0.855697,22.4852,0.852325
24000,0.86262,0.838658,0.855697,22.4852,0.852325
24060,0.862087,0.838126,0.855697,22.4852,0.85197
24120,0.861555,0.838126,0.855697,22.4852,0.851792667
24180,0.861555,0.838126,0.855165,22.4852,0.851615333
24240,0.861555,0.838126,0.855697,22.4852,0.851792667
24300,0.861555,0.838126,0.855697,22.4852,0.851792667
24360,0.861022,0.838126,0.855697,22.4852,0.851615
24420,0.861022,0.838126,0.855165,22.4852,0.851437667
24480,0.861022,0.838126,0.854632,22.4242,0.85126
24540,0.86049,0.838126,0.8541,22.4242,0.850905333
24600,0.86049,0.838126,0.853567,22.4242,0.850727667
24660,0.859957,0.838126,0.852503,22.4242,0.850195333
24720,0.859957,0.838126,0.85197,22.3631,0.850017667
24780,0.859425,0.838126,0.851438,22.3631,0.849663
24840,0.859425,0.838126,0.850373,22.3631,0.849308
24900,0.859425,0.838126,0.84984,22.3631,0.849130333
24960,0.859425,0.838126,0.848775,22.3631,0.848775333
25020,0.859425,0.838126,0.848243,22.3021,0.848598
25080,0.859425,0.838126,0.84771,22.3021,0.848420333
25140,0.858892,0.838126,0.846645,22.3021,0.847887667
25200,0.858892,0.838126,0.846113,22.3021,0.847710333
25260,0.858892,0.838126,0.84558,22.3021,0.847532667
25320,0.858892,0.838126,0.845048,22.3021,0.847355333
25380,0.858892,0.838126,0.844515,22.3021,0.847177667
25440,0.85836,0.837593,0.843983,22.3021,0.846645333
25500,0.85836,0.838126,0.84345,22.2411,0.846645333
25560,0.85836,0.838126,0.842918,22.2411,0.846468
25620,0.85836,0.838126,0.842385,22.2411,0.846290333
25680,0.85836,0.838126,0.841853,22.2411,0.846113
25740,0.857827,0.837593,0.84132,22.2411,0.84558
25800,0.857827,0.837593,0.840788,22.2411,0.845402667
25860,0.857295,0.837593,0.840255,22.2411,0.845047667
25920,0.857295,0.837593,0.839723,22.2411,0.844870333
25980,0.857295,0.837593,0.839723,22.2411,0.844870333
26040,0.856762,0.837593,0.83919,22.1801,0.844515
26100,0.85623,0.837061,0.838658,22.1801,0.843983
26160,0.856762,0.837061,0.838126,22.1801,0.843983
26220,0.85623,0.837061,0.837593,22.1801,0.843628
26280,0.85623,0.837061,0.837061,22.1801,0.843450667
26340,0.855697,0.837061,0.836528,22.1801,0.843095333
26400,0.85623,0.837061,0.835996,22.1801,0.843095667
26460,0.855697,0.837061,0.835996,22.1801,0.842918
26520,0.855697,0.837061,0.835463,22.1801,0.842740333
26580,0.855165,0.837061,0.834931,22.1801,0.842385667
26640,0.855165,0.837061,0.834398,22.1801,0.842208
26700,0.854632,0.837061,0.833866,22.1801,0.841853
26760,0.854632,0.837061,0.833866,22.1801,0.841853
26820,0.854632,0.837061,0.833333,22.1191,0.841675333
26880,0.854632,0.836528,0.832801,22.1191,0.841320333
26940,0.8541,0.836528,0.832268,22.1191,0.840965333
27000,0.8541,0.836528,0.831736,22.1191,0.840788
27060,0.8541,0.836528,0.831203,22.1191,0.840610333
27120,0.853567,0.836528,0.831203,22.1191,0.840432667
27180,0.853567,0.836528,0.830671,22.1191,0.840255333
27240,0.853035,0.836528,0.830138,22.1191,0.839900333
27300,0.853035,0.836528,0.830138,22.1191,0.839900333
27360,0.853035,0.835996,0.829606,22.1191,0.839545667
27420,0.853035,0.835996,0.829073,22.1191,0.839368
27480,0.852503,0.835996,0.828541,22.1191,0.839013333
27540,0.852503,0.835996,0.828541,22.1191,0.839013333
27600,0.852503,0.835996,0.828008,22.1191,0.838835667
27660,0.85197,0.835996,0.827476,22.1191,0.838480667
27720,0.851438,0.835996,0.826943,22.1191,0.838125667
27780,0.85197,0.835463,0.826411,22.1191,0.837948
27840,0.851438,0.835463,0.826411,22.1191,0.837770667
27900,0.851438,0.835463,0.825878,22.1191,0.837593
27960,0.851438,0.834931,0.825346,22.1191,0.837238333
28020,0.850905,0.834931,0.825346,22.1191,0.837060667
28080,0.850905,0.834931,0.824813,22.1191,0.836883
28140,0.850905,0.834931,0.824281,22.058,0.836705667
28200,0.850373,0.834398,0.823749,22.058,0.836173333
28260,0.850373,0.834398,0.823749,22.058,0.836173333
28320,0.850373,0.834398,0.823216,22.058,0.835995667
28380,0.84984,0.834398,0.822684,22.058,0.835640667
28440,0.84984,0.833866,0.822151,22.058,0.835285667
28500,0.849308,0.833866,0.822151,22.058,0.835108333
28560,0.849308,0.833866,0.821619,22.058,0.834931
28620,0.849308,0.833866,0.821086,22.058,0.834753333
28680,0.848775,0.833866,0.820554,22.058,0.834398333
28740,0.848775,0.833333,0.820554,22.058,0.834220667
28800,0.848243,0.833333,0.820021,22.058,0.833865667
28860,0.848243,0.833333,0.819489,22.058,0.833688333
28920,0.848243,0.833333,0.818956,22.058,0.833510667
28980,0.848243,0.833333,0.818956,22.058,0.833510667
29040,0.84771,0.832801,0.818424,22.058,0.832978333
29100,0.84771,0.832801,0.817891,22.058,0.832800667
29160,0.84771,0.832801,0.817359,22.058,0.832623333
29220,0.847178,0.832801,0.817359,21.997,0.832446
29280,0.847178,0.832801,0.816826,21.997,0.832268333
29340,0.846645,0.832268,0.816294,22.058,0.831735667
29400,0.846645,0.832268,0.815761,22.058,0.831558
29460,0.846645,0.832268,0.815761,22.058,0.831558
29520,0.846645,0.832268,0.815229,22.058,0.831380667
29580,0.846113,0.832268,0.814696,21.997,0.831025667
29640,0.84558,0.832268,0.814164,21.997,0.830670667
29700,0.84558,0.831736,0.813631,21.997,0.830315667
29760,0.845048,0.831736,0.813631,21.997,0.830138333
29820,0.845048,0.831736,0.813099,21.997,0.829961
29880,0.845048,0.831736,0.812566,21.997,0.829783333
29940,0.844515,0.831736,0.812034,21.997,0.829428333
30000,0.844515,0.831203,0.811501,21.997,0.829073
30060,0.844515,0.831203,0.810969,21.997,0.828895667
30120,0.843983,0.831203,0.810969,21.997,0.828718333
30180,0.843983,0.831203,0.810436,21.997,0.828540667
30240,0.843983,0.830671,0.809904,21.997,0.828186
30300,0.84345,0.830671,0.809372,21.997,0.827831
30360,0.842918,0.830671,0.808839,21.997,0.827476
30420,0.842918,0.830138,0.808839,21.997,0.827298333
30480,0.842385,0.830138,0.808307,21.997,0.826943333
30540,0.842918,0.830138,0.807774,21.997,0.826943333
30600,0.842385,0.830138,0.807242,21.997,0.826588333
30660,0.842385,0.829606,0.806709,21.997,0.826233333
30720,0.841853,0.829606,0.806177,21.997,0.825878667
30780,0.841853,0.829606,0.805644,21.997,0.825701
30840,0.84132,0.829606,0.805644,21.997,0.825523333
30900,0.84132,0.829073,0.805112,21.997,0.825168333
30960,0.840788,0.829073,0.804579,21.997,0.824813333
31020,0.840788,0.829073,0.804047,21.997,0.824636
31080,0.840255,0.829073,0.803514,21.997,0.824280667
31140,0.840255,0.828541,0.802982,21.997,0.823926
31200,0.839723,0.828541,0.802449,21.997,0.823571
31260,0.839723,0.828541,0.801917,21.997,0.823393667
31320,0.839723,0.828008,0.801917,21.997,0.823216
31380,0.83919,0.828008,0.801384,21.997,0.822860667
31440,0.838658,0.828008,0.800852,21.997,0.822506
31500,0.838658,0.828008,0.800319,21.997,0.822328333
31560,0.838658,0.828008,0.799787,21.997,0.822151
31620,0.838126,0.827476,0.799254,21.997,0.821618667
31680,0.838126,0.827476,0.798722,21.936,0.821441333
31740,0.837593,0.827476,0.798189,21.936,0.821086
31800,0.837593,0.826943,0.797657,21.936,0.820731
31860,0.837061,0.826943,0.797124,21.936,0.820376
31920,0.837061,0.826943,0.796592,21.936,0.820198667
31980,0.836528,0.826411,0.796592,21.936,0.819843667
32040,0.836528,0.826411,0.796059,21.936,0.819666
32100,0.835996,0.825878,0.795527,21.936,0.819133667
32160,0.835996,0.825878,0.794995,21.936,0.818956333
32220,0.835996,0.825878,0.794462,21.936,0.818778667
32280,0.835996,0.825878,0.79393,21.936,0.818601333
32340,0.835463,0.825346,0.793397,21.936,0.818068667
32400,0.834931,0.825346,0.792865,21.936,0.817714
32460,0.834931,0.825346,0.792332,21.936,0.817536333
32520,0.834931,0.824813,0.7918,21.936,0.817181333
32580,0.834398,0.824813,0.7918,21.936,0.817003667
32640,0.833866,0.824281,0.791267,21.936,0.816471333
32700,0.833333,0.824281,0.790735,21.936,0.816116333
32760,0.833333,0.824281,0.790202,21.936,0.815938667
32820,0.833333,0.823749,0.78967,21.936,0.815584
32880,0.832801,0.823749,0.789137,21.936,0.815229
32940,0.832801,0.823216,0.788605,21.936,0.814874
33000,0.832268,0.823216,0.788072,21.936,0.814518667
33060,0.832268,0.822684,0.788072,21.936,0.814341333
33120,0.831736,0.822684,0.78754,21.936,0.813986667
33180,0.831736,0.822151,0.787007,21.875,0.813631333
33240,0.831203,0.822151,0.786475,21.875,0.813276333
33300,0.830671,0.821619,0.785942,21.875,0.812744
33360,0.830138,0.821619,0.78541,21.875,0.812389
33420,0.830138,0.821086,0.784877,21.875,0.812033667
33480,0.829606,0.821086,0.784345,21.875,0.811679
33540,0.829606,0.821086,0.783812,21.875,0.811501333
33600,0.829606,0.820554,0.783812,21.936,0.811324
33660,0.829073,0.820554,0.78328,21.936,0.810969
33720,0.828541,0.820021,0.782747,21.936,0.810436333
33780,0.828008,0.819489,0.782215,21.875,0.809904
33840,0.828008,0.819489,0.781682,21.875,0.809726333
33900,0.827476,0.818956,0.78115,21.875,0.809194
33960,0.827476,0.818956,0.780618,21.875,0.809016667
34020,0.826943,0.818424,0.780618,21.875,0.808661667
34080,0.826411,0.818424,0.780085,21.875,0.808306667
34140,0.825878,0.817891,0.779553,21.875,0.807774
34200,0.825878,0.817891,0.77902,21.875,0.807596333
34260,0.825878,0.817359,0.778488,21.875,0.807241667
34320,0.825346,0.817359,0.777955,21.875,0.806886667
34380,0.824813,0.816826,0.777423,21.875,0.806354
34440,0.824281,0.816826,0.77689,21.875,0.805999
34500,0.824281,0.816294,0.77689,21.875,0.805821667
34560,0.823749,0.815761,0.776358,21.875,0.805289333
34620,0.823749,0.815761,0.775825,21.875,0.805111667
34680,0.823216,0.815229,0.775293,21.875,0.804579333
34740,0.823216,0.815229,0.77476,21.875,0.804401667
34800,0.822684,0.814696,0.77476,21.875,0.804046667
34860,0.822151,0.814164,0.774228,21.875,0.803514333
34920,0.822151,0.814164,0.773695,21.875,0.803336667
34980,0.821086,0.813631,0.773163,21.875,0.802626667
35040,0.821086,0.813099,0.77263,21.875,0.802271667
35100,0.820554,0.813099,0.772098,21.875,0.801917
35160,0.820021,0.812566,0.771565,21.875,0.801384
35220,0.820021,0.812034,0.771565,21.875,0.801206667
35280,0.819489,0.812034,0.771033,21.875,0.800852
35340,0.818956,0.811501,0.7705,21.875,0.800319
35400,0.818956,0.810969,0.769968,21.875,0.799964333
35460,0.818424,0.810436,0.769435,21.814,0.799431667
35520,0.817891,0.810436,0.768903,21.875,0.799076667
35580,0.817359,0.809904,0.768903,21.875,0.798722
35640,0.817359,0.809372,0.76837,21.875,0.798367
35700,0.817359,0.809372,0.767838,21.814,0.798189667
35760,0.816826,0.808839,0.767305,21.814,0.797656667
35820,0.816294,0.808307,0.767305,21.814,0.797302
35880,0.815761,0.807774,0.766773,21.814,0.796769333
35940,0.815761,0.807242,0.766241,21.814,0.796414667
36000,0.815229,0.807242,0.766241,21.814,0.796237333
36060,0.814696,0.806709,0.765708,21.814,0.795704333
36120,0.814164,0.806177,0.765176,21.814,0.795172333
36180,0.813631,0.805644,0.764643,21.814,0.794639333
36240,0.813631,0.805644,0.764643,21.814,0.794639333
36300,0.812566,0.805112,0.764111,21.814,0.793929667
36360,0.812566,0.804579,0.763578,21.814,0.793574333
36420,0.812034,0.804047,0.763046,21.814,0.793042333
36480,0.812034,0.803514,0.763046,21.814,0.792864667
36540,0.811501,0.802982,0.762513,21.814,0.792332
36600,0.810969,0.802449,0.761981,21.814,0.791799667
36660,0.810969,0.802449,0.761448,21.814,0.791622
36720,0.809904,0.801917,0.761448,21.814,0.791089667
36780,0.809904,0.801384,0.760916,21.814,0.790734667
36840,0.809372,0.800852,0.760383,21.814,0.790202333
36900,0.808839,0.800319,0.759851,21.814,0.789669667
36960,0.808307,0.799787,0.759851,21.814,0.789315
37020,0.808307,0.799254,0.759318,21.814,0.788959667
37080,0.807774,0.798722,0.758786,21.814,0.788427333
37140,0.807242,0.798189,0.758786,21.814,0.788072333
37200,0.806177,0.797657,0.758253,21.814,0.787362333
37260,0.806177,0.797124,0.757721,21.814,0.787007333
37320,0.805644,0.796592,0.757721,21.814,0.786652333
37380,0.805644,0.796059,0.757188,21.814,0.786297
37440,0.804579,0.795527,0.756656,21.814,0.785587333
37500,0.804579,0.794995,0.756656,21.814,0.78541
37560,0.804047,0.794462,0.756123,21.814,0.784877333
37620,0.803514,0.79393,0.755591,21.814,0.784345
37680,0.802982,0.79393,0.755591,21.814,0.784167667
37740,0.802982,0.792865,0.755058,21.814,0.783635
37800,0.802449,0.792332,0.754526,21.814,0.783102333
37860,0.801917,0.7918,0.754526,21.814,0.782747667
37920,0.801384,0.7918,0.753993,21.814,0.782392333
37980,0.800852,0.791267,0.753993,21.814,0.782037333
38040,0.800319,0.790202,0.753461,21.814,0.781327333
38100,0.800319,0.78967,0.752928,21.814,0.780972333
38160,0.799787,0.789137,0.752396,21.814,0.78044
38220,0.799254,0.788605,0.752396,21.814,0.780085
38280,0.798722,0.788072,0.751864,21.814,0.779552667
38340,0.798189,0.78754,0.751331,21.814,0.77902
38400,0.797657,0.787007,0.751331,21.814,0.778665
38460,0.797124,0.786475,0.750799,21.814,0.778132667
38520,0.797124,0.785942,0.750799,21.814,0.777955
38580,0.796592,0.78541,0.750266,21.814,0.777422667
38640,0.796059,0.784877,0.750266,21.814,0.777067333
38700,0.795527,0.784345,0.749734,21.814,0.776535333
38760,0.794995,0.783812,0.749201,21.7529,0.776002667
38820,0.794462,0.78328,0.749201,21.814,0.775647667
38880,0.794462,0.782747,0.748669,21.814,0.775292667
38940,0.79393,0.782215,0.748136,21.814,0.774760333
39000,0.793397,0.782215,0.748136,21.7529,0.774582667
39060,0.793397,0.78115,0.747604,21.7529,0.774050333
39120,0.792865,0.780618,0.747071,21.7529,0.773518
39180,0.792332,0.780085,0.747071,21.7529,0.773162667
39240,0.7918,0.779553,0.746539,21.7529,0.772630667
39300,0.791267,0.77902,0.746006,21.7529,0.772097667
39360,0.791267,0.778488,0.746006,21.7529,0.771920333
39420,0.790735,0.777955,0.745474,21.7529,0.771388
39480,0.790202,0.777423,0.745474,21.7529,0.771033
39540,0.78967,0.77689,0.744941,21.7529,0.770500333
39600,0.78967,0.77689,0.744409,21.7529,0.770323
39660,0.788605,0.776358,0.744409,21.7529,0.769790667
39720,0.788605,0.775825,0.743876,21.7529,0.769435333
39780,0.788072,0.775293,0.743876,21.7529,0.769080333
39840,0.788072,0.77476,0.743344,21.7529,0.768725333
39900,0.78754,0.774228,0.742811,21.7529,0.768193
39960,0.786475,0.773695,0.742811,21.7529,0.767660333
40020,0.786475,0.773163,0.742279,21.7529,0.767305667
40080,0.785942,0.77263,0.742279,21.7529,0.766950333
40140,0.78541,0.772098,0.741746,21.7529,0.766418
40200,0.784877,0.772098,0.741214,21.7529,0.766063
40260,0.784877,0.771565,0.741214,21.7529,0.765885333
40320,0.784345,0.771033,0.740681,21.7529,0.765353
40380,0.783812,0.7705,0.740681,21.7529,0.764997667
40440,0.78328,0.769968,0.740149,21.7529,0.764465667
40500,0.782747,0.769435,0.739616,21.7529,0.763932667
40560,0.782747,0.768903,0.739616,21.7529,0.763755333
40620,0.782215,0.768903,0.739084,21.7529,0.763400667
40680,0.781682,0.76837,0.739084,21.7529,0.763045333
40740,0.781682,0.767838,0.738551,21.7529,0.762690333
40800,0.78115,0.767305,0.738551,21.7529,0.762335333
40860,0.780618,0.766773,0.738019,21.7529,0.761803333
40920,0.780085,0.766773,0.737487,21.7529,0.761448333
40980,0.780085,0.766241,0.737487,21.7529,0.761271
41040,0.779553,0.765708,0.736954,21.7529,0.760738333
41100,0.77902,0.765176,0.736422,21.7529,0.760206
41160,0.77902,0.765176,0.736422,21.7529,0.760206
41220,0.777955,0.764643,0.735889,21.7529,0.759495667
41280,0.777955,0.764111,0.735889,21.7529,0.759318333
41340,0.777423,0.763578,0.735357,21.7529,0.758786
41400,0.77689,0.763578,0.734824,21.7529,0.758430667
41460,0.77689,0.763046,0.734824,21.7529,0.758253333
41520,0.776358,0.762513,0.734292,21.7529,0.757721
41580,0.775825,0.761981,0.734292,21.7529,0.757366
41640,0.775293,0.761981,0.733759,21.7529,0.757011
41700,0.775293,0.761448,0.733759,21.7529,0.756833333
41760,0.77476,0.760916,0.733227,21.7529,0.756301
41820,0.77476,0.760383,0.732694,21.7529,0.755945667
41880,0.774228,0.760383,0.732694,21.7529,0.755768333
41940,0.773695,0.759851,0.732162,21.7529,0.755236
42000,0.773163,0.759318,0.732162,21.7529,0.754881
42060,0.77263,0.759318,0.731629,21.7529,0.754525667
42120,0.77263,0.758786,0.731629,21.7529,0.754348333
42180,0.772098,0.758253,0.731097,21.7529,0.753816
42240,0.771565,0.758253,0.730564,21.7529,0.753460667
42300,0.771565,0.757721,0.730564,21.7529,0.753283333
42360,0.771033,0.757188,0.730032,21.6919,0.752751
42420,0.7705,0.757188,0.730032,21.6919,0.752573333
42480,0.7705,0.756656,0.729499,21.6919,0.752218333
42540,0.769968,0.756123,0.728967,21.6919,0.751686
42600,0.769968,0.756123,0.728967,21.6919,0.751686
42660,0.768903,0.755591,0.728434,21.6919,0.750976
42720,0.768903,0.755058,0.728434,21.6919,0.750798333
42780,0.76837,0.754526,0.727902,21.6919,0.750266
42840,0.76837,0.754526,0.727902,21.6919,0.750266
42900,0.767838,0.753993,0.727369,21.6919,0.749733333
42960,0.767838,0.753993,0.727369,21.6919,0.749733333
43020,0.767305,0.753461,0.726837,21.6919,0.749201
43080,0.766773,0.752928,0.726837,21.6919,0.748846
43140,0.766773,0.752928,0.726304,21.6919,0.748668333
43200,0.766241,0.752396,0.725772,21.6919,0.748136333
43260,0.765708,0.751864,0.725772,21.6919,0.747781333
43320,0.765708,0.751864,0.725239,21.6919,0.747603667
43380,0.765176,0.751331,0.725239,21.6919,0.747248667
43440,0.765176,0.750799,0.724707,21.6919,0.746894
43500,0.764643,0.750799,0.724174,21.6919,0.746538667
43560,0.764111,0.750266,0.724174,21.6919,0.746183667
43620,0.763578,0.750266,0.723642,21.6919,0.745828667
43680,0.763578,0.749734,0.723642,21.6919,0.745651333
43740,0.763046,0.749201,0.72311,21.6919,0.745119
43800,0.763046,0.749201,0.72311,21.6919,0.745119
43860,0.762513,0.748669,0.722577,21.6919,0.744586333
43920,0.762513,0.748136,0.722577,21.6919,0.744408667
43980,0.761981,0.748136,0.722045,21.6919,0.744054
44040,0.761981,0.747604,0.722045,21.6919,0.743876667
44100,0.760916,0.747604,0.721512,21.6919,0.743344
44160,0.760916,0.747071,0.721512,21.6919,0.743166333
44220,0.760383,0.746539,0.72098,21.6919,0.742634
44280,0.760383,0.746539,0.720447,21.6919,0.742456333
44340,0.759851,0.746006,0.720447,21.6919,0.742101333
44400,0.759318,0.746006,0.719915,21.6919,0.741746333
44460,0.758786,0.745474,0.719915,21.6919,0.741391667
44520,0.758786,0.744941,0.719382,21.6919,0.741036333
44580,0.758786,0.744941,0.719382,21.6919,0.741036333
44640,0.758253,0.744409,0.71885,21.6919,0.740504
44700,0.757721,0.744409,0.71885,21.6919,0.740326667
44760,0.757721,0.743876,0.718317,21.6919,0.739971333
44820,0.757188,0.743344,0.718317,21.6919,0.739616333
44880,0.756656,0.743344,0.717785,21.6919,0.739261667
44940,0.756656,0.742811,0.717785,21.6919,0.739084
45000,0.756123,0.742811,0.717252,21.6919,0.738728667
45060,0.756123,0.742279,0.717252,21.6919,0.738551333
45120,0.755591,0.741746,0.71672,21.6919,0.738019
45180,0.755058,0.741746,0.716187,21.6919,0.737663667
45240,0.754526,0.741214,0.716187,21.6919,0.737309
45300,0.754526,0.741214,0.716187,21.6919,0.737309
45360,0.754526,0.740681,0.715655,21.6309,0.736954
45420,0.753461,0.740681,0.715655,21.6919,0.736599
45480,0.753461,0.740149,0.715122,21.6919,0.736244
45540,0.753461,0.739616,0.71459,21.6919,0.735889
45600,0.752928,0.739616,0.71459,21.6919,0.735711333
45660,0.752928,0.739084,0.714057,21.6919,0.735356333
45720,0.752396,0.738551,0.714057,21.6919,0.735001333
45780,0.752396,0.738551,0.713525,21.6919,0.734824
45840,0.751864,0.738019,0.713525,21.6309,0.734469333
45900,0.751331,0.738019,0.712992,21.6919,0.734114
45960,0.751331,0.737487,0.712992,21.6919,0.733936667
46020,0.750799,0.737487,0.71246,21.6919,0.733582
46080,0.750266,0.736954,0.71246,21.6919,0.733226667
46140,0.750266,0.736422,0.711927,21.6919,0.732871667
46200,0.750266,0.736422,0.711927,21.6919,0.732871667
46260,0.749734,0.735889,0.711395,21.6919,0.732339333
46320,0.749201,0.735889,0.711395,21.6919,0.732161667
46380,0.748669,0.735357,0.710862,21.6919,0.731629333
46440,0.748669,0.735357,0.710862,21.6919,0.731629333
46500,0.748669,0.734824,0.71033,21.6309,0.731274333
46560,0.748136,0.734292,0.71033,21.6919,0.730919333
46620,0.747604,0.734292,0.709797,21.6919,0.730564333
46680,0.747604,0.733759,0.709797,21.6919,0.730386667
46740,0.747071,0.733759,0.709265,21.6309,0.730031667
46800,0.747071,0.733227,0.709265,21.6309,0.729854333
46860,0.746539,0.732694,0.708733,21.6309,0.729322
46920,0.746006,0.732694,0.708733,21.6309,0.729144333
46980,0.746006,0.732162,0.7082,21.6309,0.728789333
47040,0.745474,0.732162,0.7082,21.6309,0.728612
47100,0.744941,0.731629,0.707668,21.6309,0.728079333
47160,0.744941,0.731097,0.707668,21.6309,0.727902
47220,0.744941,0.731097,0.707135,21.6919,0.727724333
47280,0.744409,0.730564,0.707135,21.6919,0.727369333
47340,0.743876,0.730564,0.706603,21.6309,0.727014333
47400,0.743876,0.730032,0.706603,21.6309,0.726837
47460,0.743344,0.730032,0.70607,21.6309,0.726482
47520,0.742811,0.729499,0.70607,21.6309,0.726126667
47580,0.742811,0.729499,0.705538,21.6309,0.725949333
47640,0.742279,0.728967,0.705538,21.6309,0.725594667
47700,0.742279,0.728434,0.705005,21.6919,0.725239333
47760,0.741746,0.728434,0.705005,21.6309,0.725061667
47820,0.741746,0.727902,0.705005,21.6309,0.724884333
47880,0.741214,0.727902,0.704473,21.6309,0.724529667
47940,0.741214,0.727369,0.704473,21.6919,0.724352
48000,0.740681,0.727369,0.70394,21.6309,0.723996667
48060,0.740681,0.726837,0.70394,21.6309,0.723819333
48120,0.740149,0.726304,0.703408,21.6309,0.723287
48180,0.739616,0.726304,0.703408,21.6309,0.723109333
48240,0.739616,0.725772,0.702875,21.6309,0.722754333
48300,0.739616,0.725772,0.702875,21.6309,0.722754333
48360,0.739084,0.725239,0.702343,21.6309,0.722222
48420,0.738551,0.725239,0.702343,21.6309,0.722044333
48480,0.738551,0.724707,0.70181,21.6309,0.721689333
48540,0.738019,0.724174,0.70181,21.6309,0.721334333
48600,0.738019,0.724174,0.701278,21.6309,0.721157
48660,0.737487,0.723642,0.701278,21.6309,0.720802333
48720,0.736954,0.723642,0.701278,21.6309,0.720624667
48780,0.736954,0.72311,0.700745,21.6309,0.720269667
48840,0.736422,0.72311,0.700745,21.6309,0.720092333
48900,0.736422,0.722577,0.700213,21.6309,0.719737333
48960,0.735889,0.722577,0.700213,21.6309,0.719559667
49020,0.735889,0.722045,0.69968,21.6309,0.719204667
49080,0.735889,0.722045,0.69968,21.6309,0.719204667
49140,0.735357,0.721512,0.699148,21.6309,0.718672333
49200,0.735357,0.72098,0.699148,21.6309,0.718495
49260,0.734824,0.72098,0.698615,21.6309,0.718139667
49320,0.734292,0.720447,0.698615,21.6309,0.717784667
49380,0.734292,0.720447,0.698615,21.6309,0.717784667
49440,0.733759,0.719915,0.698083,21.6309,0.717252333
49500,0.733759,0.719915,0.698083,21.6309,0.717252333
49560,0.733227,0.719382,0.69755,21.6309,0.716719667
49620,0.732694,0.719382,0.69755,21.6309,0.716542
49680,0.733227,0.71885,0.697018,21.6309,0.716365
49740,0.732694,0.718317,0.697018,21.6309,0.716009667
49800,0.732162,0.718317,0.696485,21.6309,0.715654667
49860,0.731629,0.717785,0.696485,21.6309,0.715299667
49920,0.731629,0.717785,0.696485,21.6309,0.715299667
49980,0.731097,0.717252,0.695953,21.6309,0.714767333
50040,0.731097,0.717252,0.695953,21.6309,0.714767333
50100,0.730564,0.71672,0.69542,21.6309,0.714234667
50160,0.730564,0.71672,0.69542,21.6309,0.714234667
50220,0.730564,0.716187,0.694888,21.6309,0.713879667
50280,0.730032,0.715655,0.694888,21.6309,0.713525
50340,0.730032,0.715655,0.694356,21.6309,0.713347667
50400,0.729499,0.715122,0.694356,21.6309,0.712992333
50460,0.729499,0.715122,0.694356,21.6309,0.712992333
50520,0.728967,0.715122,0.693823,21.6309,0.712637333
50580,0.728434,0.71459,0.693823,21.6309,0.712282333
50640,0.728434,0.714057,0.693291,21.6309,0.711927333
50700,0.727902,0.714057,0.693291,21.6309,0.71175
50760,0.727902,0.713525,0.692758,21.6309,0.711395
50820,0.727902,0.713525,0.692758,21.6309,0.711395
50880,0.727369,0.712992,0.692758,21.6309,0.711039667
50940,0.727369,0.712992,0.692226,21.6309,0.710862333
51000,0.726837,0.71246,0.692226,21.6309,0.710507667
51060,0.726304,0.71246,0.691693,21.6309,0.710152333
51120,0.726304,0.711927,0.691693,21.6309,0.709974667
51180,0.725772,0.711927,0.691693,21.6309,0.709797333
51240,0.725772,0.711395,0.691161,21.6309,0.709442667
51300,0.725772,0.711395,0.691161,21.6309,0.709442667
51360,0.725239,0.710862,0.690628,21.6309,0.708909667
51420,0.724707,0.71033,0.690628,21.6309,0.708555
51480,0.724707,0.71033,0.690628,21.6309,0.708555
51540,0.724174,0.709797,0.690096,21.5699,0.708022333
51600,0.724174,0.709797,0.690096,21.5699,0.708022333
51660,0.723642,0.709265,0.690096,21.6309,0.707667667
51720,0.723642,0.709265,0.689563,21.6309,0.70749
51780,0.72311,0.708733,0.689563,21.5699,0.707135333
51840,0.72311,0.708733,0.689031,21.6309,0.706958
51900,0.722045,0.7082,0.689031,21.5699,0.706425333
51960,0.722577,0.7082,0.688498,21.5699,0.706425
52020,0.722045,0.707668,0.688498,21.5699,0.706070333
52080,0.721512,0.707668,0.688498,21.5699,0.705892667
52140,0.721512,0.707135,0.687966,21.5699,0.705537667
52200,0.721512,0.707135,0.687966,21.5699,0.705537667
52260,0.72098,0.706603,0.687433,21.5699,0.705005333
52320,0.72098,0.706603,0.687433,21.5699,0.705005333
52380,0.720447,0.70607,0.687433,21.5699,0.70465
52440,0.72098,0.70607,0.686901,21.5699,0.704650333
52500,0.720447,0.705538,0.686901,21.5699,0.704295333
52560,0.719915,0.705538,0.686901,21.5699,0.704118
52620,0.719915,0.705005,0.686368,21.5699,0.703762667
52680,0.719382,0.705005,0.686368,21.5699,0.703585
52740,0.719382,0.704473,0.685836,21.5699,0.703230333
52800,0.71885,0.70394,0.685836,21.5699,0.702875333
52860,0.71885,0.70394,0.685836,21.5699,0.702875333
52920,0.71885,0.703408,0.685303,21.5699,0.702520333
52980,0.718317,0.703408,0.685303,21.5699,0.702342667
53040,0.717785,0.702875,0.684771,21.5699,0.701810333
53100,0.717785,0.702875,0.684771,21.5699,0.701810333
53160,0.717252,0.702343,0.684771,21.5699,0.701455333
53220,0.717252,0.702343,0.684238,21.5699,0.701277667
53280,0.717252,0.70181,0.684238,21.5699,0.7011
53340,0.71672,0.70181,0.683706,21.5699,0.700745333
53400,0.716187,0.701278,0.683706,21.5699,0.700390333
53460,0.715655,0.701278,0.683706,21.5699,0.700213
53520,0.715655,0.700745,0.683173,21.5699,0.699857667
53580,0.715122,0.700745,0.683173,21.5699,0.69968
53640,0.715655,0.700213,0.682641,21.5699,0.699503
53700,0.715122,0.700213,0.682641,21.5699,0.699325333
53760,0.715122,0.69968,0.682641,21.5699,0.699147667
53820,0.71459,0.69968,0.682108,21.5699,0.698792667
53880,0.714057,0.699148,0.682108,21.5699,0.698437667
53940,0.714057,0.699148,0.682108,21.5699,0.698437667
54000,0.714057,0.698615,0.681576,21.5699,0.698082667
54060,0.713525,0.698615,0.681576,21.5699,0.697905333
54120,0.712992,0.698083,0.681576,21.5699,0.697550333
54180,0.712992,0.698083,0.681043,21.5699,0.697372667
54240,0.712992,0.69755,0.681043,21.5699,0.697195
54300,0.71246,0.69755,0.681043,21.5699,0.697017667
54360,0.71246,0.697018,0.680511,21.5699,0.696663
54420,0.711927,0.697018,0.680511,21.5699,0.696485333
54480,0.711927,0.696485,0.679979,21.5699,0.696130333
54540,0.711395,0.696485,0.679979,21.5699,0.695953
54600,0.710862,0.695953,0.679979,21.5699,0.695598
54660,0.710862,0.695953,0.679446,21.5699,0.695420333
54720,0.710862,0.69542,0.679446,21.5699,0.695242667
54780,0.71033,0.69542,0.679446,21.5699,0.695065333
54840,0.71033,0.694888,0.678914,21.5699,0.694710667
54900,0.709797,0.694888,0.678914,21.5699,0.694533
54960,0.709797,0.694356,0.678914,21.5699,0.694355667
55020,0.709265,0.694356,0.678381,21.5699,0.694000667
55080,0.708733,0.693823,0.678381,21.5699,0.693645667
55140,0.708733,0.693823,0.678381,21.5699,0.693645667
55200,0.708733,0.693291,0.677849,21.5699,0.693291
55260,0.708733,0.693291,0.677849,21.5699,0.693291
55320,0.7082,0.692758,0.677849,21.5699,0.692935667
55380,0.7082,0.692758,0.677316,21.5699,0.692758
55440,0.707668,0.692226,0.677316,21.5699,0.692403333
55500,0.707668,0.692226,0.676784,21.5699,0.692226
55560,0.707135,0.691693,0.676784,21.5699,0.691870667
55620,0.707135,0.691693,0.676784,21.5699,0.691870667
55680,0.706603,0.691161,0.676251,21.5699,0.691338333
55740,0.70607,0.691161,0.676251,21.5699,0.691160667
55800,0.706603,0.690628,0.675719,21.5699,0.690983333
55860,0.70607,0.690628,0.675719,21.5699,0.690805667
55920,0.70607,0.690628,0.675719,21.5699,0.690805667
55980,0.705538,0.690096,0.675186,21.5699,0.690273333
56040,0.705005,0.690096,0.675186,21.5699,0.690095667
56100,0.705005,0.689563,0.675186,21.5699,0.689918
56160,0.705005,0.689563,0.674654,21.5699,0.689740667
56220,0.704473,0.689031,0.674654,21.5699,0.689386
56280,0.704473,0.689031,0.674654,21.5699,0.689386
56340,0.704473,0.688498,0.674121,21.5699,0.689030667
56400,0.70394,0.688498,0.674121,21.5699,0.688853
56460,0.70394,0.687966,0.674121,21.5699,0.688675667
56520,0.703408,0.687966,0.673589,21.5089,0.688321
56580,0.703408,0.687433,0.673589,21.5089,0.688143333
56640,0.702875,0.687433,0.673589,21.5089,0.687965667
56700,0.702875,0.686901,0.673056,21.5089,0.687610667
56760,0.702343,0.686901,0.673056,21.5089,0.687433333
56820,0.702343,0.686368,0.673056,21.5699,0.687255667
56880,0.70181,0.686368,0.672524,21.5089,0.686900667
56940,0.70181,0.685836,0.672524,21.5089,0.686723333
57000,0.70181,0.685836,0.672524,21.5699,0.686723333
57060,0.701278,0.685303,0.671991,21.5089,0.686190667
57120,0.700745,0.685303,0.671991,21.5699,0.686013
57180,0.700745,0.684771,0.671991,21.5089,0.685835667
57240,0.700745,0.684771,0.671991,21.5089,0.685835667
57300,0.700213,0.684238,0.671991,21.5089,0.685480667
57360,0.700213,0.684238,0.671459,21.5089,0.685303333
57420,0.69968,0.683706,0.671459,21.5089,0.684948333
57480,0.69968,0.683706,0.671459,21.5089,0.684948333
57540,0.69968,0.683173,0.670926,21.5089,0.684593
57600,0.699148,0.683173,0.670926,21.5089,0.684415667
57660,0.699148,0.682641,0.670926,21.5089,0.684238333
57720,0.699148,0.682641,0.670394,21.5089,0.684061
57780,0.698615,0.682641,0.670394,21.5089,0.683883333
57840,0.698615,0.682108,0.670394,21.5089,0.683705667
57900,0.698083,0.682108,0.669861,21.5089,0.683350667
57960,0.69755,0.681576,0.669861,21.5089,0.682995667
58020,0.69755,0.681576,0.669861,21.5089,0.682995667
58080,0.69755,0.681043,0.669861,21.5089,0.682818
58140,0.697018,0.681043,0.669329,21.5089,0.682463333
58200,0.696485,0.681043,0.669329,21.5089,0.682285667
58260,0.696485,0.680511,0.669329,21.5089,0.682108333
58320,0.696485,0.680511,0.668796,21.5089,0.681930667
58380,0.695953,0.679979,0.668796,21.5089,0.681576
58440,0.695953,0.679979,0.668796,21.5089,0.681576
58500,0.695953,0.679446,0.668796,21.5089,0.681398333
58560,0.69542,0.679446,0.668264,21.5089,0.681043333
58620,0.694888,0.678914,0.668264,21.5089,0.680688667
58680,0.694888,0.678914,0.668264,21.5089,0.680688667
58740,0.694888,0.678381,0.667731,21.5089,0.680333333
58800,0.694356,0.678381,0.667731,21.5089,0.680156
58860,0.694356,0.677849,0.667731,21.5089,0.679978667
58920,0.693823,0.677849,0.667731,21.5089,0.679801
58980,0.693823,0.677849,0.667199,21.5089,0.679623667
59040,0.693291,0.677316,0.667199,21.5089,0.679268667
59100,0.693291,0.677316,0.667199,21.5089,0.679268667
59160,0.692758,0.676784,0.666666,21.5089,0.678736
59220,0.692758,0.676784,0.666666,21.5089,0.678736
59280,0.692226,0.676251,0.666666,21.5089,0.678381
59340,0.692226,0.676251,0.666666,21.5089,0.678381
59400,0.692226,0.675719,0.666666,21.5089,0.678203667
59460,0.691693,0.675719,0.666134,21.5089,0.677848667
59520,0.691693,0.675186,0.666134,21.5089,0.677671
59580,0.691693,0.675186,0.666134,21.5089,0.677671
59640,0.691161,0.675186,0.665602,21.5089,0.677316333
59700,0.690628,0.674654,0.665602,21.5089,0.676961333
59760,0.690628,0.674654,0.665602,21.5089,0.676961333
59820,0.690628,0.674121,0.665602,21.5089,0.676783667
59880,0.690628,0.674121,0.665069,21.5089,0.676606
59940,0.690096,0.673589,0.665069,21.5089,0.676251333
60000,0.690096,0.673589,0.665069,21.5089,0.676251333
60060,0.689563,0.673589,0.665069,21.5089,0.676073667
60120,0.689563,0.673056,0.664537,21.5089,0.675718667
60180,0.689031,0.672524,0.664537,21.5089,0.675364
60240,0.688498,0.672524,0.664537,21.5089,0.675186333
60300,0.689031,0.672524,0.664537,21.5089,0.675364
60360,0.688498,0.671991,0.664537,21.5089,0.675008667
60420,0.687966,0.671991,0.664004,21.5089,0.674653667
60480,0.687966,0.671459,0.664004,21.5089,0.674476333
60540,0.687966,0.671459,0.664004,21.5089,0.674476333
60600,0.687966,0.671459,0.664004,21.5089,0.674476333
60660,0.687433,0.670926,0.663472,21.5089,0.673943667
60720,0.687433,0.670926,0.663472,21.5089,0.673943667
60780,0.686901,0.670394,0.663472,21.5089,0.673589
60840,0.686901,0.670394,0.662939,21.5089,0.673411333
60900,0.686368,0.669861,0.662939,21.5089,0.673056
60960,0.686368,0.669861,0.662939,21.5089,0.673056
61020,0.686368,0.669861,0.662939,21.5089,0.673056
61080,0.685836,0.669329,0.662939,21.5089,0.672701333
61140,0.685836,0.669329,0.662407,21.4478,0.672524
61200,0.685836,0.668796,0.662407,21.4478,0.672346333
61260,0.685303,0.668796,0.662407,21.5089,0.672168667
61320,0.685303,0.668264,0.662407,21.4478,0.671991333
61380,0.684771,0.668264,0.661874,21.4478,0.671636333
61440,0.684771,0.668264,0.661874,21.4478,0.671636333
61500,0.684771,0.667731,0.661874,21.4478,0.671458667
61560,0.684238,0.667731,0.661874,21.4478,0.671281
61620,0.683706,0.667199,0.661342,21.4478,0.670749
61680,0.683706,0.667199,0.661342,21.4478,0.670749
61740,0.683173,0.667199,0.661342,21.4478,0.670571333
61800,0.683706,0.666666,0.661342,21.4478,0.670571333
61860,0.683173,0.666666,0.661342,21.4478,0.670393667
61920,0.682641,0.666134,0.660809,21.4478,0.669861333
61980,0.682641,0.666134,0.660809,21.4478,0.669861333
62040,0.682641,0.665602,0.660809,21.4478,0.669684
62100,0.682108,0.665602,0.660809,21.4478,0.669506333
62160,0.682108,0.665602,0.660277,21.4478,0.669329
62220,0.682108,0.665069,0.660277,21.4478,0.669151333
62280,0.682108,0.665069,0.660277,21.4478,0.669151333
62340,0.681576,0.664537,0.660277,21.4478,0.668796667
62400,0.681576,0.664537,0.660277,21.4478,0.668796667
62460,0.681043,0.664537,0.659744,21.4478,0.668441333
62520,0.681043,0.664004,0.659744,21.4478,0.668263667
62580,0.680511,0.664004,0.659744,21.4478,0.668086333
62640,0.680511,0.663472,0.659744,21.4478,0.667909
62700,0.679979,0.663472,0.659212,21.4478,0.667554333
62760,0.679979,0.663472,0.659212,21.4478,0.667554333
62820,0.679979,0.662939,0.659212,21.4478,0.667376667
62880,0.679979,0.662939,0.659212,21.4478,0.667376667
62940,0.679979,0.662407,0.659212,21.4478,0.667199333
63000,0.679446,0.662407,0.658679,21.4478,0.666844
63060,0.678914,0.662407,0.658679,21.4478,0.666666667
63120,0.678914,0.661874,0.658679,21.4478,0.666489
63180,0.678914,0.661874,0.658679,21.4478,0.666489
63240,0.678914,0.661342,0.658679,21.4478,0.666311667
63300,0.678381,0.661342,0.658147,21.4478,0.665956667
63360,0.677849,0.661342,0.658147,21.4478,0.665779333
63420,0.677849,0.660809,0.658147,21.4478,0.665601667
63480,0.677849,0.660809,0.658147,21.4478,0.665601667
63540,0.677316,0.660277,0.657614,21.4478,0.665069
63600,0.677316,0.660277,0.657614,21.4478,0.665069
63660,0.677316,0.660277,0.657614,21.4478,0.665069
63720,0.677316,0.659744,0.657614,21.4478,0.664891333
63780,0.676784,0.659744,0.657082,21.4478,0.664536667
63840,0.676251,0.659212,0.657082,21.4478,0.664181667
63900,0.676251,0.659212,0.657082,21.4478,0.664181667
63960,0.676251,0.659212,0.656549,21.4478,0.664004
64020,0.676251,0.658679,0.656549,21.4478,0.663826333
64080,0.675719,0.658679,0.656549,21.4478,0.663649
64140,0.675719,0.658679,0.656549,21.4478,0.663649
64200,0.675719,0.658147,0.656017,21.4478,0.663294333
64260,0.675719,0.658147,0.656017,21.4478,0.663294333
64320,0.675186,0.657614,0.656017,21.4478,0.662939
64380,0.674654,0.657614,0.656017,21.4478,0.662761667
64440,0.674654,0.657614,0.656017,21.4478,0.662761667
64500,0.674654,0.657082,0.655484,21.4478,0.662406667
64560,0.674654,0.657082,0.655484,21.4478,0.662406667
64620,0.674121,0.657082,0.655484,21.4478,0.662229
64680,0.673589,0.656549,0.655484,21.4478,0.661874
64740,0.674121,0.656549,0.654952,21.4478,0.661874
64800,0.673589,0.656017,0.654952,21.4478,0.661519333
64860,0.673589,0.656017,0.654952,21.4478,0.661519333
64920,0.673056,0.656017,0.654952,21.4478,0.661341667
64980,0.673056,0.655484,0.654952,21.4478,0.661164
65040,0.673056,0.655484,0.654419,21.4478,0.660986333
65100,0.673056,0.655484,0.654419,21.4478,0.660986333
65160,0.672524,0.654952,0.654419,21.4478,0.660631667
65220,0.672524,0.654952,0.654419,21.4478,0.660631667
65280,0.671991,0.654952,0.654419,21.4478,0.660454
65340,0.671991,0.654419,0.653887,21.4478,0.660099
65400,0.671991,0.654419,0.653887,21.4478,0.660099
65460,0.671459,0.654419,0.653887,21.4478,0.659921667
65520,0.671459,0.653887,0.653887,21.4478,0.659744333
65580,0.671459,0.653887,0.653887,21.4478,0.659744333
65640,0.670926,0.653354,0.653887,21.4478,0.659389
65700,0.670926,0.653354,0.653354,21.4478,0.659211333
65760,0.670926,0.653354,0.653354,21.4478,0.659211333
65820,0.670394,0.652822,0.653354,21.4478,0.658856667
65880,0.670394,0.652822,0.653354,21.4478,0.658856667
65940,0.670394,0.652822,0.653354,21.4478,0.658856667
66000,0.670394,0.652289,0.652822,21.4478,0.658501667
66060,0.669861,0.652289,0.652822,21.4478,0.658324
66120,0.669329,0.652289,0.652822,21.4478,0.658146667
66180,0.669329,0.651757,0.652822,21.4478,0.657969333
66240,0.669329,0.651757,0.652822,21.4478,0.657969333
66300,0.669329,0.651225,0.652289,21.4478,0.657614333
66360,0.668796,0.651225,0.652289,21.4478,0.657436667
66420,0.668796,0.651225,0.652289,21.4478,0.657436667
66480,0.668796,0.650692,0.652289,21.4478,0.657259
66540,0.668264,0.650692,0.652289,21.4478,0.657081667
66600,0.668264,0.650692,0.652289,21.4478,0.657081667
66660,0.667731,0.650692,0.651757,21.4478,0.656726667
66720,0.667731,0.65016,0.651757,21.4478,0.656549333
66780,0.667731,0.65016,0.651757,21.4478,0.656549333
66840,0.667199,0.65016,0.651757,21.4478,0.656372
66900,0.667731,0.649627,0.651757,21.4478,0.656371667
66960,0.667731,0.649627,0.651225,21.4478,0.656194333
67020,0.667199,0.649095,0.651225,21.4478,0.655839667
67080,0.666666,0.649095,0.651225,21.4478,0.655662
67140,0.666666,0.649095,0.651225,21.4478,0.655662
67200,0.666666,0.649095,0.651225,21.4478,0.655662
67260,0.666666,0.648562,0.651225,21.4478,0.655484333
67320,0.666134,0.648562,0.650692,21.4478,0.655129333
67380,0.666134,0.64803,0.650692,21.4478,0.654952
67440,0.665602,0.64803,0.650692,21.4478,0.654774667
67500,0.665602,0.64803,0.650692,21.4478,0.654774667
67560,0.665602,0.647497,0.650692,21.4478,0.654597
67620,0.665069,0.647497,0.65016,21.4478,0.654242
67680,0.665069,0.647497,0.65016,21.4478,0.654242
67740,0.665069,0.647497,0.65016,21.4478,0.654242
67800,0.665069,0.646965,0.65016,21.4478,0.654064667
67860,0.665069,0.646965,0.65016,21.4478,0.654064667
67920,0.664537,0.646965,0.65016,21.4478,0.653887333
67980,0.664537,0.646432,0.65016,21.4478,0.653709667
68040,0.664537,0.646432,0.649627,21.4478,0.653532
68100,0.664004,0.646432,0.649627,21.4478,0.653354333
68160,0.663472,0.6459,0.649627,21.4478,0.652999667
68220,0.663472,0.6459,0.649627,21.4478,0.652999667
68280,0.663472,0.6459,0.649627,21.4478,0.652999667
68340,0.663472,0.645367,0.649627,21.4478,0.652822
68400,0.662939,0.645367,0.649095,21.4478,0.652467
68460,0.662939,0.645367,0.649095,21.4478,0.652467
68520,0.662939,0.645367,0.649095,21.4478,0.652467
68580,0.662939,0.644835,0.649095,21.4478,0.652289667
68640,0.662939,0.644835,0.649095,21.4478,0.652289667
68700,0.662407,0.644302,0.648562,21.4478,0.651757
68760,0.661874,0.644302,0.648562,21.4478,0.651579333
68820,0.662407,0.644302,0.648562,21.4478,0.651757
68880,0.661874,0.644302,0.648562,21.4478,0.651579333
68940,0.661874,0.64377,0.648562,21.4478,0.651402
69000,0.661874,0.64377,0.648562,21.4478,0.651402
69060,0.661874,0.64377,0.648562,21.4478,0.651402
69120,0.661342,0.643237,0.64803,21.4478,0.650869667
69180,0.661342,0.643237,0.64803,21.4478,0.650869667
69240,0.660809,0.643237,0.64803,21.4478,0.650692
69300,0.660809,0.642705,0.64803,21.4478,0.650514667
69360,0.660277,0.642705,0.64803,21.4478,0.650337333
69420,0.660277,0.642705,0.647497,21.4478,0.650159667
69480,0.660277,0.642705,0.647497,21.4478,0.650159667
69540,0.660277,0.642172,0.647497,21.4478,0.649982
69600,0.659744,0.642172,0.647497,21.4478,0.649804333
69660,0.660277,0.642172,0.647497,21.4478,0.649982
69720,0.659744,0.64164,0.646965,21.4478,0.649449667
69780,0.659744,0.64164,0.646965,21.4478,0.649449667
69840,0.659212,0.64164,0.646965,21.4478,0.649272333
69900,0.659212,0.64164,0.646965,21.4478,0.649272333
69960,0.659212,0.641107,0.646965,21.4478,0.649094667
70020,0.659212,0.641107,0.646965,21.4478,0.649094667
70080,0.658679,0.641107,0.646432,21.4478,0.648739333
70140,0.658679,0.640575,0.646432,21.4478,0.648562
70200,0.658147,0.640575,0.646432,21.5089,0.648384667
70260,0.658147,0.640575,0.646432,21.5089,0.648384667
70320,0.658147,0.640042,0.646432,21.5089,0.648207
70380,0.658147,0.640042,0.646432,21.5089,0.648207
70440,0.658147,0.640042,0.6459,21.5089,0.648029667
70500,0.657614,0.640042,0.6459,21.5089,0.647852
70560,0.657614,0.63951,0.6459,21.5089,0.647674667
70620,0.657614,0.63951,0.6459,21.5089,0.647674667
70680,0.657082,0.63951,0.6459,21.5089,0.647497333
70740,0.657082,0.63951,0.6459,21.5089,0.647497333
70800,0.657082,0.638977,0.645367,21.5089,0.647142
70860,0.656549,0.638977,0.645367,21.5089,0.646964333
70920,0.656549,0.638977,0.645367,21.5089,0.646964333
70980,0.656549,0.638445,0.645367,21.5089,0.646787
71040,0.656549,0.638445,0.645367,21.5089,0.646787
71100,0.656549,0.638445,0.645367,21.5089,0.646787
71160,0.656017,0.638445,0.645367,21.5089,0.646609667
71220,0.656017,0.637912,0.644835,21.5089,0.646254667
71280,0.656017,0.637912,0.644835,21.5089,0.646254667
71340,0.656017,0.637912,0.644835,21.5089,0.646254667
71400,0.655484,0.637912,0.644835,21.5089,0.646077
71460,0.655484,0.63738,0.644835,21.5089,0.645899667
71520,0.654952,0.63738,0.644835,21.5089,0.645722333
71580,0.654952,0.63738,0.644302,21.5089,0.645544667
71640,0.654952,0.63738,0.644302,21.5089,0.645544667
71700,0.654952,0.636848,0.644302,21.5089,0.645367333
71760,0.654419,0.636848,0.644302,21.5089,0.645189667
71820,0.654952,0.636848,0.644302,21.5089,0.645367333
71880,0.654419,0.636848,0.64377,21.5089,0.645012333
71940,0.654419,0.636315,0.64377,21.5089,0.644834667
72000,0.654419,0.636315,0.64377,21.5089,0.644834667
72060,0.653887,0.636315,0.64377,21.5089,0.644657333
72120,0.653887,0.635783,0.64377,21.5089,0.64448
72180,0.653887,0.635783,0.64377,21.5089,0.64448
72240,0.653887,0.635783,0.64377,21.5089,0.64448
72300,0.653354,0.635783,0.643237,21.5089,0.644124667
72360,0.653354,0.635783,0.643237,21.5089,0.644124667
72420,0.652822,0.63525,0.643237,21.5089,0.643769667
72480,0.652822,0.63525,0.643237,21.5089,0.643769667
72540,0.652822,0.63525,0.643237,21.5089,0.643769667
72600,0.652822,0.634718,0.643237,21.5089,0.643592333
72660,0.652822,0.634718,0.642705,21.5089,0.643415
72720,0.652822,0.634718,0.642705,21.5089,0.643415
72780,0.652289,0.634718,0.642705,21.5089,0.643237333
72840,0.652289,0.634718,0.642705,21.5089,0.643237333
72900,0.651757,0.634185,0.642705,21.5699,0.642882333
72960,0.651757,0.634185,0.642705,21.5699,0.642882333
73020,0.651757,0.634185,0.642705,21.5699,0.642882333
73080,0.651757,0.633653,0.642172,21.5699,0.642527333
73140,0.651225,0.633653,0.642172,21.5699,0.64235
73200,0.651225,0.633653,0.642172,21.5699,0.64235
73260,0.651225,0.633653,0.642172,21.5699,0.64235
73320,0.651225,0.633653,0.642172,21.5699,0.64235
73380,0.651225,0.63312,0.642172,21.5699,0.642172333
73440,0.650692,0.63312,0.64164,21.5699,0.641817333
73500,0.650692,0.63312,0.64164,21.5089,0.641817333
73560,0.65016,0.63312,0.64164,21.5089,0.64164
73620,0.650692,0.632588,0.64164,21.5089,0.64164
73680,0.650692,0.632588,0.64164,21.5089,0.64164
73740,0.65016,0.632588,0.64164,21.5089,0.641462667
73800,0.65016,0.632588,0.64164,21.5089,0.641462667
73860,0.65016,0.632588,0.64164,21.5089,0.641462667
73920,0.649627,0.632055,0.641107,21.5089,0.640929667
73980,0.649627,0.632055,0.641107,21.5089,0.640929667
74040,0.649627,0.632055,0.641107,21.5089,0.640929667
74100,0.649627,0.632055,0.641107,21.5089,0.640929667
74160,0.649627,0.632055,0.641107,21.5089,0.640929667
74220,0.649095,0.631523,0.641107,21.5089,0.640575
74280,0.649095,0.631523,0.640575,21.5089,0.640397667
74340,0.649095,0.631523,0.640575,21.5089,0.640397667
74400,0.649095,0.631523,0.640575,21.5089,0.640397667
74460,0.649095,0.63099,0.640575,21.5089,0.64022
74520,0.649095,0.63099,0.640575,21.5089,0.64022
74580,0.649095,0.63099,0.640575,21.5089,0.64022
74640,0.648562,0.63099,0.640575,21.5089,0.640042333
74700,0.648562,0.63099,0.640575,21.5089,0.640042333
74760,0.648562,0.630458,0.640042,21.5089,0.639687333
74820,0.64803,0.630458,0.640042,21.5089,0.63951
74880,0.64803,0.630458,0.640042,21.5089,0.63951
74940,0.64803,0.630458,0.640042,21.5089,0.63951
75000,0.64803,0.630458,0.640042,21.5089,0.63951
75060,0.64803,0.629925,0.640042,21.5089,0.639332333
75120,0.647497,0.629925,0.640042,21.5089,0.639154667
75180,0.647497,0.629925,0.63951,21.5089,0.638977333
75240,0.647497,0.629925,0.63951,21.5089,0.638977333
75300,0.647497,0.629925,0.63951,21.5089,0.638977333
75360,0.647497,0.629393,0.63951,21.5089,0.6388
75420,0.646965,0.629393,0.63951,21.5089,0.638622667
75480,0.646965,0.629393,0.63951,21.5089,0.638622667
75540,0.646965,0.629393,0.63951,21.5089,0.638622667
75600,0.646965,0.629393,0.638977,21.5699,0.638445
75660,0.646965,0.62886,0.638977,21.5699,0.638267333
75720,0.646432,0.62886,0.638977,21.5699,0.638089667
75780,0.646432,0.62886,0.638977,21.5699,0.638089667
75840,0.6459,0.62886,0.638977,21.5699,0.637912333
75900,0.646432,0.62886,0.638977,21.5699,0.638089667
75960,0.6459,0.628328,0.638977,21.5699,0.637735
76020,0.6459,0.628328,0.638445,21.5699,0.637557667
76080,0.6459,0.628328,0.638445,21.5699,0.637557667
76140,0.645367,0.628328,0.638445,21.5699,0.63738
76200,0.6459,0.628328,0.638445,21.5699,0.637557667
76260,0.6459,0.628328,0.638445,21.5699,0.637557667
76320,0.6459,0.627795,0.638445,21.5699,0.63738
76380,0.645367,0.627795,0.638445,21.6309,0.637202333
76440,0.645367,0.627795,0.638445,21.5699,0.637202333
76500,0.645367,0.627795,0.637912,21.5699,0.637024667
76560,0.644835,0.627795,0.637912,21.6309,0.636847333
76620,0.644835,0.627263,0.637912,21.6309,0.63667
76680,0.644835,0.627263,0.637912,21.6309,0.63667
76740,0.644302,0.627263,0.637912,21.6309,0.636492333
76800,0.644835,0.627263,0.637912,21.6309,0.63667
76860,0.644835,0.627263,0.63738,21.6309,0.636492667
76920,0.644835,0.62673,0.63738,21.6309,0.636315
76980,0.644835,0.62673,0.63738,21.6309,0.636315
77040,0.644302,0.62673,0.63738,21.6309,0.636137333
77100,0.644302,0.62673,0.63738,21.6309,0.636137333
77160,0.644302,0.62673,0.63738,21.6309,0.636137333
77220,0.644302,0.626198,0.63738,21.6309,0.63596
77280,0.64377,0.626198,0.63738,21.6309,0.635782667
77340,0.64377,0.626198,0.63738,21.6309,0.635782667
77400,0.64377,0.626198,0.636848,21.6309,0.635605333
77460,0.64377,0.626198,0.636848,21.6309,0.635605333
77520,0.64377,0.626198,0.636848,21.6309,0.635605333
77580,0.643237,0.625665,0.636848,21.6309,0.63525
77640,0.643237,0.625665,0.636848,21.6309,0.63525
77700,0.643237,0.625665,0.636848,21.6309,0.63525
77760,0.643237,0.625665,0.636848,21.6309,0.63525
77820,0.643237,0.625665,0.636848,21.6309,0.63525
77880,0.643237,0.625665,0.636848,21.6309,0.63525
77940,0.643237,0.625133,0.636315,21.6309,0.634895
78000,0.643237,0.625133,0.636315,21.6309,0.634895
78060,0.642705,0.625133,0.636315,21.6309,0.634717667
78120,0.642705,0.625133,0.636315,21.6309,0.634717667
78180,0.642705,0.625133,0.636315,21.6309,0.634717667
78240,0.642705,0.6246,0.636315,21.6309,0.63454
78300,0.642172,0.6246,0.636315,21.6309,0.634362333
78360,0.642705,0.6246,0.636315,21.6309,0.63454
78420,0.642172,0.6246,0.636315,21.6309,0.634362333
78480,0.642172,0.6246,0.635783,21.6309,0.634185
78540,0.642172,0.6246,0.635783,21.6309,0.634185
78600,0.642172,0.6246,0.635783,21.6309,0.634185
78660,0.642172,0.624068,0.635783,21.6309,0.634007667
78720,0.64164,0.624068,0.635783,21.6309,0.633830333
78780,0.64164,0.624068,0.635783,21.6309,0.633830333
78840,0.64164,0.624068,0.635783,21.6309,0.633830333
78900,0.64164,0.624068,0.635783,21.6919,0.633830333
78960,0.641107,0.623535,0.63525,21.6309,0.633297333
79020,0.641107,0.623535,0.63525,21.6919,0.633297333
79080,0.64164,0.623535,0.63525,21.6919,0.633475
79140,0.641107,0.623535,0.63525,21.6919,0.633297333
79200,0.641107,0.623535,0.63525,21.6919,0.633297333
79260,0.640575,0.623535,0.63525,21.6919,0.63312
79320,0.640575,0.623003,0.63525,21.6919,0.632942667
79380,0.641107,0.623003,0.63525,21.6919,0.63312
79440,0.641107,0.623003,0.63525,21.6919,0.63312
79500,0.640575,0.623003,0.634718,21.6919,0.632765333
79560,0.640042,0.623003,0.634718,21.6919,0.632587667
79620,0.640575,0.623003,0.634718,21.6919,0.632765333
79680,0.640575,0.622471,0.634718,21.6919,0.632588
79740,0.640042,0.622471,0.634718,21.6919,0.632410333
79800,0.640575,0.622471,0.634718,21.6919,0.632588
79860,0.640042,0.622471,0.634718,21.6919,0.632410333
79920,0.640042,0.622471,0.634718,21.6919,0.632410333
79980,0.640042,0.622471,0.634185,21.6919,0.632232667
80040,0.640042,0.622471,0.634185,21.6919,0.632232667
80100,0.63951,0.621938,0.634185,21.6919,0.631877667
80160,0.63951,0.621938,0.634185,21.6919,0.631877667
80220,0.63951,0.621938,0.634185,21.6919,0.631877667
80280,0.63951,0.621938,0.634185,21.6919,0.631877667
80340,0.63951,0.621938,0.634185,21.7529,0.631877667
80400,0.63951,0.621938,0.634185,21.6919,0.631877667
80460,0.638977,0.621406,0.634185,21.6919,0.631522667
80520,0.638977,0.621406,0.634185,21.7529,0.631522667
80580,0.638977,0.621406,0.633653,21.7529,0.631345333
80640,0.638977,0.621406,0.633653,21.7529,0.631345333
80700,0.638977,0.621406,0.633653,21.7529,0.631345333
80760,0.638977,0.621406,0.633653,21.7529,0.631345333
80820,0.638445,0.621406,0.633653,21.7529,0.631168
80880,0.638977,0.620873,0.633653,21.7529,0.631167667
80940,0.638445,0.620873,0.633653,21.7529,0.630990333
81000,0.638445,0.620873,0.633653,21.814,0.630990333
81060,0.638445,0.620873,0.63312,21.814,0.630812667
81120,0.638445,0.620873,0.63312,21.814,0.630812667
81180,0.638445,0.620873,0.63312,21.875,0.630812667
81240,0.637912,0.620341,0.63312,21.936,0.630457667
81300,0.637912,0.620341,0.63312,21.936,0.630457667
81360,0.637912,0.620341,0.63312,21.997,0.630457667
81420,0.63738,0.620341,0.63312,22.058,0.630280333
81480,0.63738,0.620341,0.632588,22.058,0.630103
81540,0.63738,0.620341,0.632588,22.1191,0.630103
81600,0.63738,0.619808,0.632588,22.1191,0.629925333
81660,0.636848,0.619808,0.632588,22.1801,0.629748
81720,0.636848,0.619808,0.632588,22.1801,0.629748
81780,0.636848,0.619808,0.632588,22.1801,0.629748
81840,0.636848,0.619808,0.632588,22.1801,0.629748
81900,0.636848,0.619808,0.632588,22.2411,0.629748
81960,0.636848,0.619808,0.632055,22.2411,0.629570333
82020,0.636848,0.619276,0.632055,22.2411,0.629393
82080,0.636315,0.619276,0.632055,22.3021,0.629215333
82140,0.636315,0.619276,0.632055,22.3021,0.629215333
82200,0.636315,0.619276,0.632055,22.3021,0.629215333
82260,0.635783,0.619276,0.632055,22.3631,0.629038
82320,0.636315,0.619276,0.632055,22.3631,0.629215333
82380,0.636315,0.618743,0.632055,22.3631,0.629037667
82440,0.635783,0.618743,0.631523,22.3631,0.628683
82500,0.635783,0.618743,0.631523,22.3631,0.628683
82560,0.635783,0.618743,0.631523,22.4242,0.628683
82620,0.63525,0.618743,0.631523,22.4242,0.628505333
82680,0.63525,0.618743,0.631523,22.4242,0.628505333
82740,0.63525,0.618211,0.631523,22.4242,0.628328
82800,0.63525,0.618211,0.631523,22.4242,0.628328
82860,0.634718,0.618211,0.63099,22.4242,0.627973
82920,0.63525,0.618211,0.631523,22.4242,0.628328
82980,0.63525,0.618211,0.63099,22.4242,0.628150333
83040,0.63525,0.618211,0.63099,22.4242,0.628150333
83100,0.634718,0.618211,0.63099,22.4852,0.627973
83160,0.634718,0.617678,0.63099,22.4852,0.627795333
83220,0.634718,0.617678,0.63099,22.4852,0.627795333
83280,0.634718,0.617678,0.63099,22.4242,0.627795333
83340,0.634185,0.617678,0.63099,22.4242,0.627617667
83400,0.634185,0.617678,0.63099,22.4242,0.627617667
83460,0.634185,0.617678,0.63099,22.4852,0.627617667
83520,0.634185,0.617678,0.630458,22.4852,0.627440333
83580,0.634185,0.617678,0.630458,22.4852,0.627440333
83640,0.634185,0.617146,0.630458,22.5462,0.627263
83700,0.634185,0.617146,0.630458,22.5462,0.627263
83760,0.634185,0.617146,0.630458,22.5462,0.627263
83820,0.633653,0.617146,0.630458,22.6072,0.627085667
83880,0.633653,0.617146,0.630458,22.6072,0.627085667
83940,0.633653,0.617146,0.630458,22.6072,0.627085667
84000,0.633653,0.617146,0.630458,22.6072,0.627085667
84060,0.633653,0.617146,0.629925,22.6682,0.626908
84120,0.633653,0.617146,0.629925,22.6682,0.626908
84180,0.633653,0.616613,0.629925,22.6682,0.626730333
84240,0.63312,0.616613,0.629925,22.6682,0.626552667
84300,0.63312,0.616613,0.629925,22.6682,0.626552667
84360,0.63312,0.616613,0.629925,22.7293,0.626552667
84420,0.63312,0.616613,0.629925,22.7293,0.626552667
84480,0.63312,0.616613,0.629925,22.7293,0.626552667
84540,0.63312,0.616613,0.629393,22.7293,0.626375333
84600,0.63312,0.616081,0.629393,22.7293,0.626198
84660,0.632588,0.616081,0.629393,22.7903,0.626020667
84720,0.632588,0.616081,0.629393,22.7903,0.626020667
84780,0.632588,0.616081,0.629393,22.7903,0.626020667
84840,0.632588,0.616081,0.629393,22.7903,0.626020667
84900,0.632588,0.616081,0.629393,22.7903,0.626020667
84960,0.632588,0.616081,0.629393,22.7903,0.626020667
85020,0.632055,0.616081,0.62886,22.7903,0.625665333
85080,0.632055,0.616081,0.62886,22.7903,0.625665333
85140,0.632055,0.615548,0.62886,22.7903,0.625487667
85200,0.632055,0.615548,0.62886,22.7903,0.625487667
85260,0.632055,0.615548,0.62886,22.7903,0.625487667
85320,0.631523,0.615548,0.62886,22.7903,0.625310333
85380,0.631523,0.615548,0.62886,22.7903,0.625310333
85440,0.631523,0.615548,0.62886,22.7903,0.625310333
85500,0.631523,0.615548,0.62886,22.7903,0.625310333
85560,0.631523,0.615548,0.62886,22.7903,0.625310333
85620,0.631523,0.615548,0.628328,22.7903,0.625133
85680,0.631523,0.615016,0.628328,22.7903,0.624955667
85740,0.631523,0.615016,0.628328,22.8513,0.624955667
85800,0.631523,0.615016,0.628328,22.8513,0.624955667
85860,0.63099,0.615016,0.628328,22.8513,0.624778
85920,0.63099,0.615016,0.628328,22.7903,0.624778
85980,0.63099,0.615016,0.628328,22.7903,0.624778
86040,0.63099,0.615016,0.628328,22.8513,0.624778
86100,0.63099,0.615016,0.627795,22.8513,0.624600333
86160,0.63099,0.615016,0.627795,22.8513,0.624600333
86220,0.63099,0.614483,0.627795,22.8513,0.624422667
86280,0.63099,0.614483,0.627795,22.8513,0.624422667
86340,0.630458,0.614483,0.627795,22.7903,0.624245333
86400,0.63099,0.614483,0.627795,22.7903,0.624422667
