***SENSOR SELECTION,,,,
CH 1-Voltage(±1V),,,,
CH 2-Voltage(±1V),,,,
CH 3-Voltage(±1V),,,,
INTERNAL,,,,
*** Sampling Rate ,,,,
1 Data Per 10 Secs,,,,
*** Duration to Monitor  ,,,,
5 Hours (Stopped before 4h),,,,
Time(s),V1,V2,V3,°C
0,-0.001597,0.236422,0.038338,20.6665
10,-0.000532,0.33919,0.040468,20.7471
20,-0.001065,0.290735,0.083067,20.7471
30,-0.001597,0.335996,0.074015,20.7471
40,-0.001065,0.366347,0.07295,20.7471
50,-0.00213,0.389776,0.073482,20.7471
60,-0.000532,0.381789,0.076145,20.7471
70,-0.001065,0.388711,0.077742,20.7471
80,-0.001597,0.374867,0.079872,20.7471
90,-0.002662,0.322684,0.081469,20.7471
100,-0.000532,0.286475,0.080404,20.7471
110,-0.001597,0.26837,0.086794,20.7471
120,-0.001597,0.292332,0.088924,20.7471
130,-0.00213,0.312034,0.091054,20.6665
140,-0.001597,0.305644,0.093184,20.7471
150,-0.002662,0.253461,0.095846,20.8276
160,-0.002662,0.252396,0.098509,20.8276
170,-0.002662,0.280618,0.101171,20.8276
180,-0.003727,0.283812,0.103301,20.9082
190,-0.00213,0.305644,0.105964,20.9082
200,-0.00213,0.288072,0.108626,20.9082
210,-0.00213,0.324813,0.110756,20.9082
220,-0.002662,0.331736,0.113418,20.9082
230,-0.00213,0.321086,0.115548,20.8276
240,-0.00213,0.328541,0.118211,20.9082
250,-0.003195,0.346645,0.120341,20.8276
260,-0.00213,0.273695,0.121938,20.8276
270,-0.00213,0.266773,0.124068,20.9082
280,-0.00213,0.282215,0.12673,20.8276
290,-0.00213,0.285942,0.12886,20.8276
300,-0.003195,0.279553,0.131523,20.8276
310,-0.001597,0.273695,0.133653,20.8276
320,-0.00213,0.261981,0.136848,20.8276
330,-0.00213,0.265176,0.138977,20.8276
340,-0.001597,0.266773,0.141107,20.7471
350,-0.001597,0.275825,0.142705,20.8276
360,-0.002662,0.283812,0.144835,20.8276
370,-0.00213,0.279553,0.1459,20.7471
380,-0.00213,0.277955,0.147497,20.7471
390,-0.00213,0.28115,0.149095,20.7471
400,-0.00213,0.318956,0.15016,20.7471
410,-0.00213,0.331736,0.151225,20.7471
420,-0.00213,0.294995,0.152822,20.8276
430,-0.002662,0.296059,0.153354,20.7471
440,-0.00213,0.302982,0.154419,20.7471
450,-0.00213,0.319489,0.154952,20.7471
460,-0.002662,0.298722,0.156017,20.7471
470,-0.00213,0.282747,0.156017,20.6665
480,-0.002662,0.422257,0.156549,20.7471
490,-0.00213,0.812034,0.158147,20.7471
500,-0.00213,0.816294,0.158147,20.6665
510,-0.00213,0.814164,0.158147,20.7471
520,-0.00213,0.818956,0.158147,20.7471
530,-0.00213,0.819489,0.158147,20.7471
540,-0.00213,0.820021,0.158679,20.7471
550,-0.00213,0.820554,0.159744,20.7471
560,-0.003195,0.821086,0.159212,20.6665
570,-0.00213,0.821619,0.158679,20.6665
580,-0.00213,0.821619,0.158679,20.7471
590,-0.00213,0.822151,0.158679,20.6665
600,-0.003727,0.822151,0.158679,20.6665
610,-0.002662,0.822151,0.158679,20.6665
620,-0.00213,0.817891,0.158147,20.6665
630,-0.00213,0.821619,0.158147,20.6665
640,-0.002662,0.816826,0.158147,20.6665
650,-0.00213,0.823216,0.158147,20.6665
660,-0.00213,0.823216,0.157614,20.6665
670,-0.003195,0.823216,0.157614,20.6665
680,-0.001597,0.823216,0.157614,20.6665
690,-0.001597,0.823216,0.157614,20.6665
700,-0.00213,0.823216,0.157614,20.6665
710,-0.00213,0.823749,0.157082,20.6665
720,-0.00213,0.823749,0.157082,20.6665
730,-0.00213,0.823749,0.157614,20.6665
740,-0.00213,0.823749,0.157082,20.6665
750,-0.00213,0.823749,0.156549,20.5859
760,-0.00213,0.823749,0.156549,20.6665
770,-0.00213,0.823749,0.156549,20.5859
780,-0.001597,0.823749,0.156549,20.6665
790,-0.00213,0.824281,0.156017,20.6665
800,-0.002662,0.824281,0.155484,20.5859
810,-0.003195,0.824281,0.155484,20.5859
820,-0.00213,0.824281,0.155484,20.6665
830,-0.00213,0.824281,0.155484,20.5859
840,-0.00213,0.824281,0.155484,20.6665
850,-0.001597,0.824281,0.154952,20.5859
860,-0.00213,0.824281,0.154952,20.5859
870,-0.00213,0.824281,0.154952,20.6665
880,-0.00213,0.824281,0.155484,20.6665
890,-0.00213,0.824281,0.155484,20.6665
900,-0.00213,0.824281,0.155484,20.5859
910,-0.00213,0.824281,0.156549,20.5859
920,-0.002662,0.824281,0.157082,20.5859
930,-0.001597,0.824281,0.157614,20.5859
940,-0.00213,0.824281,0.158679,20.5859
950,-0.003195,0.824281,0.159212,20.5859
960,-0.00213,0.824281,0.159744,20.5859
970,-0.003727,0.824281,0.160277,20.5859
980,-0.001597,0.824281,0.160809,20.5859
990,-0.00213,0.824281,0.161342,20.5859
1000,-0.00213,0.824281,0.162407,20.5859
1010,-0.00213,0.824281,0.162407,20.5859
1020,-0.002662,0.824281,0.162407,20.5859
1030,-0.00213,0.824281,0.162939,20.5859
1040,-0.003727,0.824281,0.163472,20.5859
1050,-0.001597,0.824281,0.164004,20.5859
1060,-0.00213,0.824281,0.164537,20.5859
1070,-0.001597,0.824281,0.165069,20.5859
1080,-0.003195,0.824281,0.165602,20.5859
1090,-0.00213,0.824281,0.166666,20.5859
1100,-0.00213,0.824281,0.167199,20.6665
1110,-0.00213,0.824281,0.168264,20.5859
1120,-0.00213,0.824281,0.168796,20.5859
1130,-0.003195,0.824281,0.169329,20.5859
1140,-0.002662,0.824281,0.170394,20.5859
1150,-0.00213,0.823749,0.170926,20.5859
1160,-0.00213,0.823749,0.171459,20.5859
1170,-0.00213,0.823749,0.171991,20.5859
1180,-0.002662,0.823749,0.173589,20.5859
1190,-0.00213,0.823749,0.174654,20.5859
1200,-0.00213,0.823749,0.175719,20.5859
1210,-0.002662,0.823749,0.177316,20.5859
1220,-0.003727,0.823749,0.178381,20.5859
1230,-0.00213,0.823749,0.179446,20.5859
1240,-0.002662,0.823749,0.182108,20.5859
1250,-0.00213,0.823749,0.184771,20.6665
1260,-0.001597,0.823216,0.189563,20.6665
1270,-0.00213,0.823216,0.193291,20.5859
1280,-0.002662,0.823216,0.193823,20.5859
1290,-0.002662,0.823216,0.194888,20.5859
1300,-0.003195,0.823216,0.195953,20.5859
1310,-0.003727,0.823216,0.198083,20.5859
1320,-0.00213,0.823216,0.198615,20.5859
1330,-0.002662,0.823216,0.200745,20.5859
1340,-0.003727,0.823216,0.202343,20.5859
1350,-0.00213,0.823216,0.205005,20.5859
1360,-0.00213,0.823216,0.207135,20.5859
1370,-0.003195,0.823216,0.207668,20.5859
1380,-0.00213,0.823216,0.208733,20.5859
1390,-0.001597,0.823216,0.213525,20.5859
1400,-0.00213,0.823216,0.217785,20.5859
1410,-0.003195,0.824813,0.219915,20.5859
1420,-0.00213,0.823216,0.220447,20.5859
1430,-0.00213,0.823216,0.22098,20.5859
1440,-0.00213,0.823216,0.221512,20.5859
1450,-0.00213,0.823749,0.224707,20.6665
1460,-0.002662,0.823216,0.226304,20.5859
1470,-0.003727,0.823216,0.227902,20.5859
1480,-0.003195,0.823216,0.227902,20.5859
1490,-0.003195,0.823749,0.230032,20.5859
1500,-0.002662,0.823216,0.232162,20.5859
1510,-0.003727,0.823216,0.234292,20.5859
1520,-0.003195,0.823216,0.235889,20.5859
1530,-0.003195,0.823216,0.237487,20.5859
1540,-0.00213,0.823216,0.238551,20.5859
1550,-0.003195,0.823216,0.241746,20.5859
1560,-0.00213,0.823216,0.247071,20.5859
1570,-0.00213,0.823216,0.247604,20.5859
1580,-0.003727,0.823216,0.250266,20.6665
1590,-0.002662,0.823216,0.250799,20.5859
1600,-0.00213,0.823216,0.251864,20.6665
1610,-0.003727,0.823216,0.254526,20.5859
1620,-0.00213,0.823216,0.257188,20.5859
1630,-0.002662,0.823216,0.257188,20.6665
1640,-0.00213,0.823216,0.257188,20.6665
1650,-0.003727,0.823216,0.257721,20.5859
1660,-0.00213,0.823216,0.259318,20.5859
1670,-0.003195,0.823216,0.261448,20.6665
1680,-0.00213,0.823216,0.262513,20.5859
1690,-0.00426,0.823216,0.263578,20.5859
1700,-0.002662,0.823216,0.263046,20.5859
1710,-0.00213,0.823216,0.264643,20.5859
1720,-0.003195,0.823216,0.265708,20.5859
1730,-0.003195,0.822151,0.269435,20.6665
1740,-0.002662,0.813099,0.269968,20.5859
1750,-0.002662,0.815761,0.269968,20.5859
1760,-0.001597,0.679979,0.268903,20.6665
1770,-0.00213,0.720447,0.269435,20.5859
1780,-0.003727,0.746006,0.273695,20.6665
1790,-0.003195,0.817359,0.27476,20.7471
1800,-0.00213,0.795527,0.275293,20.6665
1810,-0.002662,0.781682,0.28115,20.7471
1820,-0.002662,0.79393,0.28541,20.7471
1830,-0.002662,0.809904,0.285942,20.6665
1840,-0.002662,0.76837,0.285942,20.6665
1850,-0.00213,0.692758,0.284345,20.7471
1860,-0.00213,0.550053,0.285942,20.6665
1870,-0.003195,0.477103,0.288072,20.6665
1880,-0.00213,0.505857,0.286475,20.7471
1890,-0.00213,0.402023,0.28754,20.6665
1900,-0.002662,0.438232,0.286475,20.6665
1910,-0.00213,0.510649,0.294995,20.7471
1920,-0.002662,0.625133,0.294995,20.6665
1930,-0.00213,0.684238,0.29393,20.6665
1940,-0.002662,0.748136,0.292332,20.7471
1950,-0.00213,0.754526,0.292865,20.6665
1960,-0.00213,0.753461,0.2918,20.7471
1970,-0.00213,0.739616,0.293397,20.7471
1980,-0.003195,0.589457,0.292332,20.7471
1990,-0.003727,0.50639,0.29393,20.7471
2000,-0.002662,0.471778,0.300319,20.6665
2010,-0.00213,0.503727,0.302982,20.6665
2020,-0.00213,0.809372,0.304579,20.7471
2030,-0.002662,0.821619,0.305644,20.6665
2040,-0.00213,0.808307,0.305644,20.7471
2050,-0.002662,0.821619,0.304047,20.6665
2060,-0.002662,0.722045,0.304047,20.7471
2070,-0.00213,0.592652,0.305112,20.6665
2080,-0.00213,0.579872,0.305112,20.6665
2090,-0.00213,0.604899,0.305112,20.6665
2100,-0.00213,0.576145,0.306709,20.6665
2110,-0.00213,0.606496,0.306177,20.6665
2120,-0.00213,0.646965,0.307774,20.7471
2130,-0.002662,0.699148,0.310436,20.6665
2140,-0.003195,0.674654,0.315229,20.6665
2150,-0.001597,0.736954,0.320554,20.7471
2160,-0.00213,0.813631,0.318956,20.6665
2170,-0.003195,0.822684,0.319489,20.7471
2180,-0.00213,0.823749,0.322151,20.6665
2190,-0.00213,0.823749,0.322151,20.6665
2200,-0.002662,0.823216,0.323216,20.6665
2210,-0.003195,0.823749,0.322151,20.6665
2220,-0.002662,0.692226,0.321619,20.6665
2230,-0.003727,0.676784,0.323749,20.6665
2240,-0.003195,0.71672,0.332268,20.6665
2250,-0.00213,0.808307,0.334931,20.6665
2260,-0.00213,0.813099,0.332801,20.6665
2270,-0.00213,0.822684,0.331736,20.6665
2280,-0.002662,0.823216,0.328541,20.6665
2290,-0.003195,0.824281,0.326943,20.7471
2300,-0.002662,0.824813,0.328008,20.7471
2310,-0.00213,0.824813,0.327476,20.6665
2320,-0.00213,0.824813,0.326943,20.6665
2330,-0.003727,0.824813,0.328541,20.7471
2340,-0.002662,0.824813,0.330671,20.6665
2350,-0.00213,0.802982,0.332268,20.6665
2360,-0.003195,0.788605,0.331736,20.6665
2370,-0.002662,0.798722,0.335463,20.6665
2380,-0.00213,0.821619,0.344515,20.6665
2390,-0.003195,0.812566,0.348243,20.6665
2400,-0.00213,0.818424,0.354632,20.6665
2410,-0.003727,0.816294,0.361555,20.7471
2420,-0.002662,0.814164,0.374334,20.6665
2430,-0.001065,0.815761,0.390841,20.6665
2440,-0.00213,0.775825,0.391906,20.7471
2450,-0.00426,0.782747,0.392439,20.7471
2460,-0.00213,0.767838,0.395634,20.7471
2470,0.001597,0.765708,0.400958,20.7471
2480,-0.005325,0.801917,0.402023,20.7471
2490,-0.00213,0.823216,0.406816,20.7471
2500,-0.00213,0.817891,0.410011,20.7471
2510,-0.00213,0.818424,0.415868,20.7471
2520,-0.00213,0.806709,0.421725,20.7471
2530,-0.00213,0.804579,0.425985,20.7471
2540,-0.00213,0.821086,0.426517,20.7471
2550,-0.001597,0.821619,0.42918,20.7471
2560,-0.00213,0.698615,0.430777,20.7471
2570,-0.003727,0.822151,0.433972,20.7471
2580,-0.003195,0.823216,0.436634,20.7471
2590,-0.00213,0.824281,0.443024,20.7471
2600,-0.00213,0.824813,0.446752,20.7471
2610,-0.00213,0.824813,0.451011,20.7471
2620,-0.00213,0.824281,0.456336,20.8276
2630,-0.003727,0.824813,0.460596,20.7471
2640,-0.00213,0.824813,0.465388,20.7471
2650,-0.00213,0.824813,0.469648,20.7471
2660,-0.003195,0.804047,0.474973,20.7471
2670,-0.00213,0.822151,0.484025,20.7471
2680,-0.00213,0.823216,0.490948,20.7471
2690,-0.00213,0.825346,0.497337,20.7471
2700,-0.003727,0.77263,0.503727,20.7471
2710,-0.00213,0.735357,0.509584,20.7471
2720,-0.00213,0.78115,0.515442,20.7471
2730,-0.003195,0.824813,0.525027,20.7471
2740,-0.001597,0.825346,0.534611,20.7471
2750,-0.002662,0.825878,0.544196,20.7471
2760,-0.002662,0.825346,0.55804,20.8276
2770,-0.001597,0.825346,0.579872,20.7471
2780,-0.001597,0.825878,0.588392,20.7471
2790,-0.003727,0.825346,0.593184,20.7471
2800,-0.00213,0.825346,0.595846,20.7471
2810,-0.001597,0.823216,0.597976,20.7471
2820,-0.003195,0.825878,0.600106,20.7471
2830,-0.00213,0.825346,0.601171,20.7471
2840,-0.001597,0.825346,0.602769,20.7471
2850,-0.003727,0.825346,0.603834,20.7471
2860,-0.00213,0.825346,0.604899,20.7471
2870,-0.001597,0.825346,0.605964,20.7471
2880,-0.001597,0.825346,0.607029,20.7471
2890,-0.00213,0.736422,0.609158,20.7471
2900,-0.00213,0.722577,0.610756,20.7471
2910,-0.00213,0.71885,0.612353,20.7471
2920,-0.001597,0.717252,0.615548,20.7471
2930,-0.003727,0.71459,0.616613,20.7471
2940,-0.002662,0.706603,0.617146,20.7471
2950,-0.001597,0.704473,0.615548,20.7471
2960,-0.00213,0.705538,0.615016,20.7471
2970,-0.001597,0.753993,0.615016,20.7471
2980,-0.001597,0.777955,0.614483,20.7471
2990,-0.001597,0.820021,0.615016,20.7471
3000,-0.001065,0.821086,0.615016,20.7471
3010,-0.001065,0.822684,0.616081,20.8276
3020,-0.00213,0.822684,0.616081,20.8276
3030,-0.00213,0.823749,0.616613,20.9082
3040,-0.002662,0.820021,0.617146,20.9082
3050,-0.003727,0.823749,0.617678,20.9082
3060,-0.00213,0.794995,0.618211,20.9888
3070,-0.00213,0.823749,0.619276,20.9888
3080,-0.00213,0.823216,0.619276,20.9082
3090,-0.00213,0.823749,0.620341,20.9082
3100,-0.00213,0.699148,0.620341,20.9082
3110,-0.00213,0.823216,0.621406,20.9082
3120,-0.00213,0.598509,0.621938,20.9082
3130,-0.00213,0.746539,0.624068,20.9082
3140,-0.00213,0.824813,0.626198,20.9082
3150,-0.00213,0.824813,0.628328,20.9082
3160,-0.00213,0.654419,0.628328,20.9082
3170,-0.00213,0.72311,0.62886,20.9082
3180,-0.002662,0.708733,0.62886,20.9082
3190,-0.00213,0.62886,0.628328,20.9082
3200,-0.003195,0.526091,0.627263,20.9082
3210,-0.00213,0.518104,0.628328,20.9082
3220,-0.002662,0.48296,0.62886,20.9082
3230,-0.00213,0.494142,0.629393,20.9082
3240,-0.002662,0.505857,0.629393,20.9082
3250,-0.00213,0.522896,0.630458,20.9082
3260,-0.001597,0.591587,0.631523,20.9082
3270,-0.002662,0.618211,0.632588,20.9082
3280,-0.003195,0.804047,0.63312,20.9082
3290,-0.00213,0.815761,0.634185,20.9082
3300,-0.00213,0.817891,0.63525,20.9082
3310,-0.003195,0.818956,0.635783,20.9082
3320,-0.001065,0.821086,0.636848,20.9082
3330,-0.00213,0.821619,0.63738,20.9082
3340,-0.002662,0.821619,0.638445,20.9082
3350,-0.003195,0.821086,0.640042,20.9082
3360,-0.002662,0.814164,0.640575,20.9082
3370,-0.003195,0.821619,0.642172,20.8276
3380,-0.001597,0.822151,0.64377,20.9082
3390,-0.001597,0.822151,0.645367,20.9082
3400,-0.003727,0.693291,0.646965,20.9082
3410,-0.00213,0.788072,0.649095,20.9082
3420,-0.00213,0.786475,0.649627,20.8276
3430,-0.001597,0.822151,0.652289,20.9082
3440,-0.00213,0.822151,0.657614,20.9082
3450,-0.002662,0.822151,0.659744,20.9082
3460,-0.002662,0.822151,0.660277,20.9082
3470,-0.00213,0.822151,0.661342,20.9082
3480,-0.00213,0.822151,0.662407,20.9082
3490,-0.002662,0.822151,0.664537,20.9082
3500,-0.00213,0.822151,0.666134,20.9082
3510,-0.00213,0.751864,0.666666,20.9082
3520,-0.00213,0.820021,0.668796,20.9082
3530,-0.003727,0.820021,0.670394,20.9082
3540,-0.002662,0.821619,0.671459,20.9082
3550,-0.002662,0.820021,0.673056,20.8276
3560,-0.001597,0.821619,0.674654,20.9082
3570,-0.002662,0.821619,0.676251,20.9082
3580,-0.00213,0.821619,0.676784,20.9082
3590,-0.001597,0.822151,0.680511,20.9082
3600,-0.002662,0.822151,0.683173,20.9082
3610,-0.00213,0.822151,0.684238,20.9082
3620,-0.003195,0.822151,0.685836,20.8276
3630,-0.001597,0.822151,0.687966,20.9082
3640,-0.00213,0.822151,0.690628,20.8276
3650,-0.003727,0.821619,0.692226,20.9082
3660,-0.003195,0.821619,0.694356,20.8276
3670,-0.00213,0.708733,0.696485,20.9082
3680,-0.00213,0.818424,0.69755,20.9082
3690,-0.00213,0.821086,0.699148,20.9082
3700,-0.00213,0.821619,0.700745,20.9082
3710,-0.002662,0.821619,0.702343,20.9082
3720,-0.002662,0.821619,0.70394,20.9082
3730,-0.00213,0.821619,0.705005,20.8276
3740,-0.003195,0.821619,0.706603,20.8276
3750,-0.00213,0.750266,0.707135,20.8276
3760,-0.003195,0.704473,0.707668,20.9082
3770,-0.001597,0.816294,0.708733,20.9082
3780,-0.001597,0.817891,0.709265,20.9082
3790,-0.001597,0.820021,0.71033,20.9082
3800,-0.001597,0.820554,0.710862,20.8276
3810,-0.001597,0.818956,0.711927,20.9082
3820,-0.00213,0.813099,0.713525,20.9082
3830,-0.002662,0.818956,0.715122,20.9082
3840,-0.003195,0.723642,0.715655,20.9082
3850,-0.003195,0.669329,0.716187,20.8276
3860,-0.003195,0.804579,0.717252,20.9082
3870,-0.003727,0.71885,0.717252,20.9082
3880,-0.003195,0.815761,0.718317,20.9082
3890,-0.002662,0.812566,0.71885,20.8276
3900,-0.002662,0.819489,0.719382,20.9082
3910,-0.001597,0.820021,0.719915,20.9082
3920,-0.00213,0.820021,0.72098,20.9082
3930,-0.00213,0.820021,0.721512,20.9082
3940,-0.002662,0.820021,0.722577,20.9082
3950,-0.002662,0.820021,0.72311,20.9082
3960,-0.001597,0.820021,0.723642,20.9082
3970,-0.002662,0.820021,0.724174,20.9082
3980,-0.002662,0.820021,0.724174,20.9082
3990,-0.002662,0.820021,0.724707,20.9082
4000,-0.001597,0.820021,0.724707,20.9082
4010,-0.001597,0.820021,0.724707,20.9082
4020,-0.003195,0.819489,0.725239,20.8276
4030,-0.001597,0.820021,0.725772,20.9082
4040,-0.00213,0.820021,0.725772,20.9082
4050,-0.002662,0.820021,0.725772,20.9082
4060,-0.00213,0.819489,0.726304,20.9082
4070,-0.00213,0.819489,0.726837,20.9082
4080,-0.003195,0.819489,0.726837,20.9082
4090,-0.001597,0.820021,0.727369,20.8276
4100,-0.001597,0.819489,0.727369,20.9082
4110,-0.00213,0.819489,0.727902,20.9082
4120,-0.002662,0.819489,0.727902,20.8276
4130,-0.003195,0.819489,0.727902,20.8276
4140,-0.001597,0.819489,0.728434,20.8276
4150,-0.001597,0.819489,0.728434,20.8276
4160,-0.00213,0.818956,0.728434,20.9082
4170,-0.00213,0.818956,0.728967,20.9082
4180,-0.003195,0.818956,0.728967,20.9082
4190,-0.003195,0.818956,0.728967,20.9082
4200,-0.003195,0.818956,0.728967,20.9082
4210,-0.001597,0.818956,0.729499,20.9082
4220,-0.003195,0.818956,0.729499,20.9082
4230,-0.00213,0.818956,0.729499,20.9082
4240,-0.003195,0.818956,0.730032,20.9082
4250,-0.001597,0.819489,0.730032,20.9082
4260,-0.002662,0.819489,0.730032,20.9082
4270,-0.002662,0.816826,0.730032,20.9082
4280,-0.00213,0.818424,0.730564,20.9082
4290,-0.001597,0.818956,0.730564,20.9082
4300,-0.001597,0.818956,0.730564,20.9082
4310,-0.002662,0.818956,0.730564,20.9082
4320,-0.002662,0.818956,0.730564,20.9082
4330,-0.002662,0.818956,0.731097,20.9082
4340,-0.001597,0.818956,0.731097,20.9082
4350,-0.002662,0.818956,0.731097,20.9082
4360,-0.003195,0.816826,0.731097,20.9082
4370,-0.001597,0.817359,0.731097,20.9082
4380,-0.001597,0.817891,0.731097,20.9082
4390,-0.00213,0.818424,0.731629,20.9082
4400,-0.00213,0.817359,0.731629,20.9082
4410,-0.002662,0.818424,0.731097,20.9082
4420,-0.00213,0.817891,0.731629,20.9082
4430,-0.00213,0.818424,0.731629,20.9082
4440,-0.002662,0.818424,0.731629,20.9082
4450,-0.001597,0.818424,0.731629,20.9082
4460,-0.00213,0.818424,0.731629,20.9082
4470,-0.00213,0.818424,0.731629,20.9082
4480,-0.002662,0.818424,0.731629,20.9082
4490,-0.00213,0.817891,0.731629,20.9082
4500,-0.003195,0.817891,0.731629,20.9082
4510,-0.001597,0.817359,0.731629,20.9082
4520,-0.002662,0.817891,0.731629,20.9082
4530,-0.00213,0.817891,0.731097,20.9082
4540,-0.001597,0.817891,0.731629,20.9082
4550,-0.002662,0.817891,0.731629,20.9082
4560,-0.00213,0.699148,0.731629,20.9082
4570,-0.002662,0.769968,0.731629,20.9888
4580,-0.00213,0.694888,0.731097,20.9082
4590,-0.002662,0.654952,0.731097,20.9082
4600,-0.001597,0.633653,0.731097,20.9082
4610,-0.003195,0.663472,0.731097,20.9082
4620,-0.001597,0.69755,0.731629,20.9082
4630,-0.00213,0.71672,0.731629,20.9082
4640,-0.003727,0.662407,0.731097,20.9888
4650,-0.001597,0.685303,0.731097,20.9888
4660,-0.001597,0.682641,0.731097,20.9082
4670,-0.001597,0.739616,0.731097,20.9082
4680,-0.003195,0.689563,0.731097,20.9082
4690,-0.001597,0.679446,0.731097,20.9082
4700,-0.003727,0.705005,0.730564,20.9082
4710,-0.001597,0.656549,0.730564,20.9082
4720,-0.002662,0.63738,0.730564,20.9082
4730,-0.00213,0.633653,0.730032,20.9082
4740,-0.00213,0.629925,0.730564,20.9082
4750,-0.00213,0.63951,0.730032,20.9082
4760,-0.00213,0.646965,0.730032,20.9082
4770,-0.001597,0.64803,0.730032,20.9888
4780,-0.001597,0.644302,0.730032,20.9082
4790,-0.001597,0.652289,0.730032,20.9082
4800,-0.002662,0.658147,0.730032,20.9082
4810,-0.00213,0.658147,0.730032,20.9888
4820,-0.001597,0.658679,0.730032,20.9082
4830,-0.003195,0.660277,0.730032,20.9082
4840,-0.00213,0.659212,0.730032,20.9888
4850,-0.001597,0.659212,0.730032,20.9888
4860,-0.00213,0.676784,0.730032,20.9082
4870,-0.00213,0.646965,0.730032,20.9888
4880,-0.001597,0.653354,0.729499,20.9082
4890,-0.00213,0.659744,0.729499,20.9888
4900,-0.002662,0.761981,0.729499,20.9888
4910,-0.003195,0.803514,0.729499,20.9082
4920,-0.001597,0.807242,0.729499,20.9888
4930,-0.001597,0.809372,0.729499,20.9888
4940,-0.00213,0.812034,0.728967,20.9888
4950,-0.00213,0.812566,0.728967,20.9888
4960,-0.001597,0.812034,0.728434,20.9888
4970,-0.001597,0.814164,0.728434,20.9888
4980,-0.001597,0.814696,0.728434,20.9888
4990,-0.003195,0.814696,0.728434,20.9888
5000,-0.003195,0.814696,0.728434,20.9888
5010,-0.00213,0.814696,0.728434,20.9888
5020,-0.001597,0.814696,0.727902,20.9888
5030,-0.00213,0.815229,0.727902,20.9888
5040,-0.002662,0.813099,0.727902,20.9888
5050,-0.003727,0.797124,0.727902,20.9888
5060,-0.00213,0.810969,0.727902,20.9888
5070,-0.00213,0.812566,0.727902,20.9888
5080,-0.001597,0.656017,0.727369,20.9888
5090,-0.001597,0.6459,0.727369,20.9888
5100,-0.002662,0.719382,0.727369,20.9888
5110,-0.002662,0.809904,0.727369,20.9888
5120,-0.00213,0.812566,0.727369,20.9888
5130,-0.00213,0.813631,0.726837,20.9888
5140,-0.001597,0.814164,0.726837,20.9888
5150,-0.00213,0.814164,0.726837,20.9888
5160,-0.00213,0.813631,0.726837,20.9888
5170,-0.001597,0.813099,0.726837,20.9888
5180,-0.002662,0.814164,0.726304,20.9888
5190,-0.001597,0.814696,0.726304,20.9888
5200,-0.00213,0.814696,0.726304,20.9888
5210,-0.001597,0.814696,0.726304,20.9888
5220,-0.001597,0.815229,0.725772,20.9888
5230,-0.001597,0.815229,0.725772,20.9888
5240,-0.001597,0.815229,0.725772,20.9888
5250,-0.00213,0.815229,0.725772,20.9888
5260,-0.001597,0.804047,0.725772,20.9888
5270,-0.00213,0.813631,0.725239,20.9888
5280,-0.00213,0.814696,0.725239,20.9888
5290,-0.001597,0.813099,0.725239,20.9888
5300,-0.001597,0.814164,0.724707,20.9888
5310,-0.001597,0.7082,0.724174,20.9888
5320,-0.001597,0.810969,0.724174,20.9888
5330,-0.001597,0.813631,0.724174,20.9888
5340,-0.002662,0.814696,0.723642,20.9888
5350,-0.001597,0.790735,0.723642,20.9888
5360,-0.001597,0.815229,0.723642,20.9888
5370,-0.002662,0.815229,0.723642,20.9888
5380,-0.001597,0.815229,0.723642,20.9888
5390,-0.001597,0.815229,0.72311,20.9888
5400,-0.00213,0.815229,0.72311,20.9888
5410,-0.001597,0.815229,0.722577,20.9888
5420,-0.001597,0.815229,0.722577,20.9888
5430,-0.001597,0.815761,0.722045,20.9888
5440,-0.001597,0.815761,0.722045,20.9888
5450,-0.001597,0.815761,0.72098,20.9888
5460,-0.002662,0.643237,0.720447,20.9888
5470,-0.00213,0.645367,0.719915,20.9888
5480,-0.001597,0.809372,0.719915,21.0693
5490,-0.001597,0.812566,0.719382,20.9888
5500,-0.001597,0.814164,0.719382,20.9888
5510,-0.002662,0.814164,0.71885,20.9888
5520,-0.001597,0.814696,0.718317,20.9888
5530,-0.001597,0.814696,0.718317,20.9888
5540,-0.002662,0.815229,0.717785,21.0693
5550,-0.002662,0.813631,0.717252,20.9888
5560,-0.001597,0.815229,0.717252,20.9888
5570,-0.00213,0.815229,0.71672,20.9888
5580,-0.001597,0.636315,0.716187,20.9888
5590,-0.003195,0.599574,0.715655,20.9888
5600,-0.002662,0.601171,0.715655,20.9888
5610,-0.001597,0.613951,0.715122,20.9888
5620,-0.001597,0.646965,0.715122,20.9888
5630,-0.001597,0.703408,0.71459,20.9888
5640,-0.002662,0.687966,0.714057,20.9888
5650,-0.00213,0.781682,0.714057,20.9888
5660,-0.001597,0.799787,0.714057,21.0693
5670,-0.003195,0.806177,0.713525,20.9888
5680,-0.00213,0.807774,0.712992,20.9888
5690,-0.001597,0.806177,0.712992,20.9888
5700,-0.002662,0.810969,0.71246,20.9888
5710,-0.00213,0.811501,0.711927,20.9888
5720,-0.002662,0.813099,0.711395,20.9888
5730,-0.002662,0.813631,0.711395,20.9888
5740,-0.00213,0.814164,0.710862,21.0693
5750,-0.00213,0.814164,0.71033,20.9888
5760,-0.001597,0.814164,0.709797,20.9888
5770,-0.002662,0.812034,0.709265,21.0693
5780,-0.00213,0.813099,0.709265,20.9888
5790,-0.00213,0.808839,0.708733,20.9888
5800,-0.003195,0.814164,0.7082,20.9888
5810,-0.001597,0.814164,0.707668,20.9888
5820,-0.001597,0.813631,0.707668,20.9888
5830,-0.001597,0.814164,0.707135,20.9888
5840,-0.003727,0.814164,0.706603,21.0693
5850,-0.002662,0.813631,0.70607,20.9888
5860,-0.00213,0.814164,0.705538,20.9888
5870,-0.00213,0.814164,0.705005,21.0693
5880,-0.001597,0.814164,0.704473,21.0693
5890,-0.00213,0.644835,0.703408,21.0693
5900,-0.00213,0.809904,0.703408,21.0693
5910,-0.001597,0.812566,0.702875,20.9888
5920,-0.003195,0.813631,0.702343,20.9888
5930,-0.001597,0.814164,0.70181,21.0693
5940,-0.00213,0.812566,0.700745,20.9888
5950,-0.002662,0.810969,0.700213,20.9888
5960,-0.001597,0.814164,0.69968,21.0693
5970,-0.00213,0.814164,0.699148,21.0693
5980,-0.001597,0.814696,0.698615,21.0693
5990,-0.00213,0.813099,0.698083,20.9888
6000,-0.001597,0.709265,0.697018,20.9888
6010,-0.003195,0.70394,0.696485,20.9888
6020,-0.002662,0.716187,0.695953,20.9888
6030,-0.00213,0.71246,0.694888,20.9888
6040,-0.001597,0.709797,0.694356,21.0693
6050,-0.001597,0.704473,0.693823,20.9888
6060,-0.003195,0.703408,0.692758,21.0693
6070,-0.00213,0.698615,0.691693,20.9888
6080,-0.003195,0.697018,0.691161,21.0693
6090,-0.002662,0.764111,0.690096,21.0693
6100,-0.002662,0.808839,0.689563,21.0693
6110,-0.00213,0.811501,0.688498,20.9888
6120,-0.00213,0.812566,0.687966,21.0693
6130,-0.002662,0.813631,0.686901,21.0693
6140,-0.001597,0.814164,0.685836,21.0693
6150,-0.001597,0.814164,0.684771,21.0693
6160,-0.001597,0.814164,0.683706,20.9888
6170,-0.001597,0.814696,0.682641,20.9888
6180,-0.00213,0.814696,0.681043,21.0693
6190,-0.001597,0.814696,0.679446,21.0693
6200,-0.002662,0.814696,0.677849,21.0693
6210,-0.001597,0.815229,0.676784,21.0693
6220,-0.00213,0.815229,0.675186,20.9888
6230,-0.001597,0.815229,0.674121,21.0693
6240,-0.001597,0.815229,0.672524,21.0693
6250,-0.00213,0.815229,0.671459,21.0693
6260,-0.001597,0.815229,0.669861,21.0693
6270,-0.00213,0.815229,0.667199,21.0693
6280,-0.00213,0.815229,0.665602,21.0693
6290,-0.001597,0.815229,0.664004,21.0693
6300,-0.001597,0.815229,0.662407,21.0693
6310,-0.001597,0.815229,0.660277,21.0693
6320,-0.001597,0.815229,0.658679,21.0693
6330,-0.001597,0.815229,0.656549,21.0693
6340,-0.001597,0.815229,0.654419,21.0693
6350,-0.001597,0.815229,0.652822,21.0693
6360,-0.00213,0.815229,0.650692,21.0693
6370,-0.001597,0.815229,0.648562,21.0693
6380,-0.001597,0.815229,0.646432,21.0693
6390,-0.001597,0.815229,0.644302,21.0693
6400,-0.001597,0.815229,0.642172,21.0693
6410,-0.002662,0.815229,0.63951,21.0693
6420,-0.00213,0.815761,0.636848,21.0693
6430,-0.001597,0.815229,0.634185,21.0693
6440,-0.00213,0.815761,0.631523,21.0693
6450,-0.001597,0.815229,0.628328,21.0693
6460,-0.001597,0.815761,0.625133,21.0693
6470,-0.001597,0.815761,0.621406,21.0693
6480,-0.00213,0.815229,0.617678,21.0693
6490,-0.002662,0.815761,0.612353,21.0693
6500,-0.001597,0.815761,0.607029,21.0693
6510,-0.00213,0.815761,0.601704,21.0693
6520,-0.00213,0.815761,0.594781,21.0693
6530,-0.00213,0.815229,0.586794,21.0693
6540,-0.00213,0.815229,0.576145,21.0693
6550,-0.00213,0.815761,0.562833,21.0693
6560,-0.00213,0.815761,0.543131,21.0693
6570,-0.001597,0.815761,0.511182,21.0693
6580,-0.00213,0.815761,0.463791,21.0693
6590,-0.00213,0.815761,0.42492,21.0693
6600,-0.001597,0.815761,0.397231,21.0693
6610,-0.003195,0.815761,0.377529,20.9888
6620,-0.00213,0.815229,0.362087,20.9888
6630,-0.001597,0.815229,0.34984,21.0693
6640,-0.00213,0.815229,0.338658,21.0693
6650,-0.003195,0.815761,0.330671,21.0693
6660,-0.002662,0.815229,0.323749,21.0693
6670,-0.001597,0.815761,0.317891,21.0693
6680,-0.001597,0.815229,0.312034,21.0693
6690,-0.003195,0.815229,0.306709,21.0693
6700,-0.00213,0.815229,0.301917,21.0693
6710,-0.001597,0.815761,0.297657,21.0693
6720,-0.001597,0.815761,0.293397,21.0693
6730,-0.001597,0.815229,0.289137,21.0693
6740,-0.00213,0.815229,0.284877,20.9888
6750,-0.00213,0.815229,0.280618,21.0693
6760,-0.001597,0.815229,0.27689,21.0693
6770,-0.002662,0.815229,0.273695,20.9888
6780,-0.001597,0.815229,0.269435,21.0693
6790,-0.001597,0.815229,0.266241,21.0693
6800,-0.001597,0.815229,0.262513,21.0693
6810,-0.001597,0.815229,0.259318,21.0693
6820,-0.001597,0.815229,0.256123,21.0693
6830,-0.001597,0.815229,0.253993,21.0693
6840,-0.002662,0.815229,0.251331,21.0693
6850,-0.001597,0.815229,0.249201,21.0693
6860,-0.00213,0.815229,0.246539,21.0693
6870,-0.00213,0.815229,0.244409,21.0693
6880,-0.003727,0.815229,0.242279,21.0693
6890,-0.001597,0.815229,0.239616,21.0693
6900,-0.001597,0.814696,0.236954,21.0693
6910,-0.001597,0.815229,0.234824,21.0693
6920,-0.001065,0.815229,0.232694,21.0693
6930,-0.001597,0.815229,0.230032,21.0693
6940,-0.00213,0.815229,0.228434,21.0693
6950,-0.001597,0.815229,0.226304,21.0693
6960,-0.001065,0.815229,0.224707,21.0693
6970,-0.001597,0.815229,0.22311,21.0693
6980,-0.001597,0.815229,0.22098,21.0693
6990,-0.003195,0.815229,0.219382,21.0693
7000,-0.002662,0.815229,0.217252,21.0693
7010,-0.001597,0.815229,0.215122,21.0693
7020,-0.001597,0.815229,0.213525,21.0693
7030,-0.00213,0.815229,0.212992,21.0693
7040,-0.00213,0.815229,0.211395,21.0693
7050,-0.002662,0.815229,0.209797,21.0693
7060,-0.001597,0.815229,0.208733,21.0693
7070,-0.001597,0.815229,0.207135,21.0693
7080,-0.00213,0.815229,0.204473,21.0693
7090,-0.001597,0.815229,0.202875,21.0693
7100,-0.001597,0.815229,0.20181,21.0693
7110,-0.001597,0.815229,0.200745,21.0693
7120,-0.001597,0.815229,0.19968,21.0693
7130,-0.001597,0.815229,0.198615,21.0693
7140,-0.001597,0.814696,0.197018,21.0693
7150,-0.00213,0.815229,0.195953,21.0693
7160,-0.001597,0.814696,0.194888,21.0693
7170,-0.002662,0.814696,0.193291,21.0693
7180,-0.00213,0.814696,0.191693,21.0693
7190,-0.00213,0.815229,0.191161,21.0693
7200,-0.002662,0.814696,0.190096,21.0693
7210,-0.002662,0.814696,0.189031,21.0693
7220,-0.003195,0.814696,0.187966,21.0693
7230,-0.001065,0.814696,0.187433,21.1499
7240,-0.002662,0.814696,0.186901,21.1499
7250,-0.003195,0.814696,0.185836,21.1499
7260,-0.001597,0.815229,0.185303,21.1499
7270,-0.001597,0.815229,0.184771,21.1499
7280,-0.00213,0.814696,0.183706,21.1499
7290,-0.00213,0.815229,0.183173,21.1499
7300,-0.001597,0.814696,0.182108,21.2304
7310,-0.001597,0.814696,0.180511,21.1499
7320,-0.001597,0.814696,0.179979,21.1499
7330,-0.00213,0.814696,0.179446,21.1499
7340,-0.001597,0.814696,0.178914,21.1499
7350,-0.003195,0.814696,0.178914,21.1499
7360,-0.001597,0.814696,0.178381,21.1499
7370,-0.001597,0.814696,0.177849,21.1499
7380,-0.001597,0.814696,0.177316,21.2304
7390,-0.001597,0.814696,0.176784,21.1499
7400,-0.00213,0.814696,0.176251,21.1499
7410,-0.00213,0.815229,0.175719,21.1499
7420,-0.00213,0.814696,0.174654,21.1499
7430,-0.001065,0.814696,0.174654,21.1499
7440,-0.003195,0.814696,0.174121,21.1499
7450,-0.001597,0.815229,0.174121,21.1499
7460,-0.001065,0.815229,0.173589,21.1499
7470,-0.00213,0.815229,0.173056,21.1499
7480,-0.001597,0.814696,0.172524,21.1499
7490,-0.001597,0.814696,0.172524,21.1499
7500,-0.001597,0.814696,0.171991,21.1499
7510,-0.00213,0.711927,0.171459,21.1499
7520,-0.00213,0.48083,0.170926,21.1499
7530,-0.001065,0.804047,0.170926,21.1499
7540,-0.003195,0.810436,0.170394,21.2304
7550,-0.001597,0.812566,0.170394,21.1499
7560,-0.001597,0.813631,0.169861,21.1499
7570,-0.001065,0.617678,0.169329,21.2304
7580,-0.001065,0.717785,0.168796,21.2304
7590,-0.002662,0.722045,0.168264,21.2304
7600,-0.001597,0.806709,0.168264,21.2304
7610,-0.001065,0.811501,0.168264,21.2304
7620,-0.001065,0.813099,0.167731,21.2304
7630,-0.00213,0.814164,0.167199,21.2304
7640,-0.00213,0.814164,0.166666,21.2304
7650,-0.001065,0.814696,0.166666,21.2304
7660,-0.001065,0.815229,0.166666,21.2304
7670,-0.00213,0.815229,0.166134,21.2304
7680,-0.001597,0.815229,0.166134,21.311
7690,-0.001065,0.815229,0.165602,21.2304
7700,-0.001065,0.815761,0.165602,21.2304
7710,-0.001065,0.815229,0.165069,21.2304
7720,-0.001597,0.815761,0.165069,21.2304
7730,-0.001597,0.815761,0.165069,21.2304
7740,-0.002662,0.815761,0.164537,21.2304
7750,-0.001065,0.815761,0.164537,21.2304
7760,-0.001065,0.815761,0.164004,21.2304
7770,-0.001065,0.815761,0.164004,21.2304
7780,-0.001597,0.815761,0.164004,21.2304
7790,-0.001597,0.816294,0.164004,21.2304
7800,-0.00213,0.816294,0.163472,21.2304
7810,-0.001065,0.815761,0.163472,21.2304
7820,-0.001597,0.816294,0.163472,21.311
7830,-0.00213,0.816826,0.162939,21.311
7840,-0.001065,0.815761,0.162939,21.2304
7850,-0.001065,0.815761,0.162407,21.2304
7860,-0.00213,0.815761,0.162407,21.2304
7870,-0.000532,0.815761,0.162939,21.2304
7880,-0.002662,0.815761,0.162407,21.2304
7890,-0.00213,0.815761,0.162407,21.311
7900,-0.001065,0.815761,0.161874,21.2304
7910,-0.001065,0.815761,0.161874,21.311
7920,-0.000532,0.815761,0.161874,21.2304
7930,-0.00213,0.815761,0.161342,21.2304
7940,-0.000532,0.815761,0.160809,21.2304
7950,-0.001597,0.815761,0.160809,21.311
7960,-0.001065,0.815761,0.160809,21.2304
7970,-0.00213,0.815761,0.160809,21.311
7980,-0.001597,0.815761,0.160809,21.311
7990,-0.001597,0.815761,0.160809,21.2304
8000,-0.001597,0.815761,0.160809,21.2304
8010,-0.001597,0.815761,0.160809,21.2304
8020,-0.001065,0.815761,0.160809,21.311
8030,-0.002662,0.815761,0.160277,21.2304
8040,-0.001597,0.815761,0.160277,21.2304
8050,-0.001597,0.815761,0.160277,21.2304
8060,-0.001597,0.815761,0.160277,21.2304
8070,-0.001065,0.815761,0.159744,21.2304
8080,-0.001597,0.815761,0.159744,21.2304
8090,-0.001065,0.815761,0.159744,21.311
8100,-0.001065,0.815761,0.159744,21.2304
8110,-0.00213,0.815761,0.159212,21.311
8120,-0.001597,0.815761,0.158679,21.311
8130,-0.001597,0.815761,0.158679,21.2304
8140,-0.001065,0.815761,0.158679,21.2304
8150,-0.001065,0.815761,0.158679,21.311
8160,-0.00213,0.815761,0.158679,21.2304
8170,-0.001597,0.815761,0.158679,21.2304
8180,-0.001065,0.815761,0.158147,21.2304
8190,-0.00213,0.815761,0.158147,21.311
8200,-0.001597,0.815761,0.158147,21.2304
8210,-0.001065,0.815761,0.158147,21.2304
8220,-0.00213,0.815761,0.158147,21.2304
8230,-0.001065,0.815761,0.158147,21.311
8240,-0.001597,0.815761,0.157614,21.2304
8250,-0.001597,0.815761,0.157614,21.2304
8260,-0.001597,0.755058,0.157082,21.311
8270,-0.001597,0.814696,0.157614,21.311
8280,-0.001597,0.815229,0.157614,21.2304
8290,-0.001597,0.815229,0.157614,21.311
8300,-0.001597,0.815229,0.157614,21.311
8310,-0.001065,0.796592,0.157082,21.311
8320,-0.001065,0.811501,0.157082,21.311
8330,-0.001597,0.813631,0.157082,21.311
8340,-0.002662,0.814164,0.157082,21.311
8350,-0.001065,0.814696,0.156549,21.311
8360,-0.00213,0.814696,0.156549,21.311
8370,-0.001065,0.815229,0.156017,21.3916
8380,-0.001065,0.56656,0.154952,21.3916
8390,-0.00213,0.809372,0.154952,21.311
8400,-0.001597,0.813099,0.154952,21.3916
8410,-0.00213,0.814164,0.154952,21.311
8420,-0.001597,0.815229,0.154952,21.311
8430,-0.00213,0.815229,0.154952,21.3916
8440,-0.001597,0.815229,0.154952,21.3916
8450,-0.001065,0.815761,0.154952,21.3916
8460,-0.00213,0.815761,0.155484,21.3916
8470,-0.00213,0.815761,0.154952,21.311
8480,-0.001065,0.815761,0.155484,21.3916
8490,-0.001597,0.815761,0.155484,21.311
8500,-0.002662,0.815761,0.155484,21.3916
8510,-0.001597,0.815761,0.155484,21.3916
8520,-0.001597,0.815761,0.155484,21.3916
8530,-0.001597,0.815761,0.155484,21.3916
8540,-0.001065,0.815761,0.155484,21.3916
8550,-0.002662,0.815761,0.155484,21.3916
8560,-0.001597,0.815761,0.155484,21.311
8570,-0.001597,0.815761,0.155484,21.311
8580,-0.001597,0.815761,0.155484,21.311
8590,-0.001597,0.815229,0.155484,21.311
8600,-0.001597,0.815761,0.155484,21.311
8610,-0.00213,0.815761,0.155484,21.3916
8620,-0.002662,0.815761,0.155484,21.311
8630,-0.001597,0.815761,0.155484,21.3916
8640,-0.002662,0.815761,0.155484,21.3916
8650,-0.001597,0.816294,0.155484,21.3916
8660,-0.00213,0.816294,0.155484,21.3916
8670,-0.002662,0.816294,0.155484,21.311
8680,-0.001597,0.815761,0.155484,21.311
8690,-0.001597,0.815761,0.155484,21.311
8700,-0.001597,0.815761,0.155484,21.3916
8710,-0.001065,0.815761,0.155484,21.311
8720,-0.001597,0.815761,0.155484,21.3916
8730,-0.00213,0.815761,0.155484,21.311
8740,-0.001065,0.816294,0.155484,21.3916
8750,-0.001597,0.815761,0.155484,21.3916
8760,-0.00213,0.669861,0.154952,21.3916
8770,-0.00213,0.645367,0.154952,21.311
8780,-0.001597,0.580937,0.154952,21.311
8790,-0.001065,0.664004,0.154419,21.3916
8800,-0.001597,0.759851,0.154419,21.3916
8810,-0.001597,0.808839,0.153887,21.311
8820,-0.002662,0.812566,0.153887,21.3916
8830,-0.001597,0.814164,0.154419,21.3916
8840,-0.002662,0.815229,0.154419,21.311
8850,-0.002662,0.815229,0.154419,21.3916
8860,-0.001065,0.815761,0.154419,21.311
8870,-0.001597,0.816294,0.154419,21.311
8880,-0.001597,0.816294,0.154952,21.311
8890,-0.001597,0.694356,0.154419,21.311
8900,-0.001597,0.812034,0.154419,21.311
8910,-0.001597,0.814696,0.154419,21.311
8920,-0.001597,0.815761,0.154419,21.3916
8930,-0.00213,0.816294,0.154419,21.3916
8940,-0.001597,0.816294,0.154952,21.3916
8950,-0.00213,0.816826,0.154419,21.3916
8960,-0.003195,0.816826,0.154419,21.311
8970,-0.001597,0.817359,0.154419,21.311
8980,-0.002662,0.816826,0.154952,21.311
8990,-0.001597,0.817359,0.154952,21.3916
9000,-0.001597,0.817359,0.154952,21.311
9010,-0.001065,0.817359,0.155484,21.311
9020,-0.001065,0.817359,0.154952,21.311
9030,-0.001065,0.817359,0.154952,21.311
9040,-0.001597,0.817359,0.154952,21.3916
9050,-0.001597,0.817891,0.154952,21.311
9060,-0.001597,0.817891,0.154952,21.311
9070,-0.001597,0.817891,0.154952,21.311
9080,-0.00213,0.817891,0.154419,21.311
9090,-0.001597,0.817891,0.154419,21.311
9100,-0.002662,0.817891,0.154419,21.311
9110,-0.00213,0.817891,0.154419,21.311
9120,-0.001065,0.818424,0.154952,21.311
9130,-0.001597,0.818424,0.154952,21.311
9140,-0.001597,0.818424,0.154952,21.311
9150,-0.001597,0.818424,0.154952,21.311
9160,-0.001597,0.818424,0.154952,21.311
9170,-0.001597,0.818424,0.154952,21.311
9180,-0.001597,0.818424,0.154419,21.311
9190,-0.001597,0.818424,0.154419,21.311
9200,-0.001597,0.818424,0.154419,21.311
9210,-0.001597,0.818424,0.154419,21.311
9220,-0.001597,0.818424,0.154419,21.311
9230,-0.001597,0.818424,0.153887,21.311
9240,-0.00213,0.818956,0.154419,21.311
9250,-0.001597,0.818424,0.154419,21.311
9260,-0.001597,0.818956,0.154419,21.311
9270,-0.001597,0.818956,0.154419,21.311
9280,-0.002662,0.818424,0.154419,21.311
9290,-0.001597,0.818956,0.154419,21.311
9300,-0.001065,0.818956,0.154952,21.311
9310,-0.001065,0.818956,0.154952,21.311
9320,-0.001597,0.818956,0.155484,21.2304
9330,-0.001597,0.818956,0.154952,21.311
9340,-0.001597,0.818956,0.154952,21.2304
9350,-0.00213,0.818956,0.154952,21.2304
9360,-0.001597,0.818956,0.155484,21.311
9370,-0.001597,0.818956,0.155484,21.311
9380,-0.001597,0.818956,0.155484,21.2304
9390,-0.001597,0.818956,0.155484,21.311
9400,-0.00213,0.818956,0.155484,21.311
9410,-0.00213,0.818956,0.154952,21.2304
9420,-0.001597,0.818956,0.154952,21.311
9430,-0.001597,0.818956,0.154419,21.311
9440,-0.001065,0.818956,0.154419,21.2304
9450,-0.001065,0.818956,0.154419,21.311
9460,-0.001597,0.818956,0.154419,21.2304
9470,-0.00213,0.818956,0.154952,21.2304
9480,-0.001065,0.819489,0.155484,21.311
9490,-0.001065,0.818956,0.155484,21.311
9500,-0.001597,0.818956,0.155484,21.311
9510,-0.001065,0.818956,0.155484,21.311
9520,-0.001597,0.818956,0.154952,21.2304
9530,-0.001597,0.818956,0.154952,21.311
9540,-0.001597,0.818956,0.154952,21.311
9550,-0.001065,0.819489,0.154952,21.2304
9560,-0.001597,0.819489,0.154419,21.2304
9570,-0.002662,0.818956,0.154952,21.2304
9580,-0.001065,0.819489,0.154419,21.2304
9590,-0.001597,0.819489,0.154952,21.2304
9600,-0.001065,0.819489,0.154952,21.311
9610,-0.00213,0.819489,0.154952,21.311
9620,-0.001065,0.819489,0.154952,21.2304
9630,-0.001597,0.818956,0.154419,21.311
9640,-0.00213,0.818956,0.154419,21.311
9650,-0.001597,0.818956,0.154419,21.311
9660,-0.001597,0.818956,0.154419,21.2304
9670,-0.001597,0.819489,0.154419,21.311
9680,-0.001597,0.818956,0.154419,21.2304
9690,-0.001597,0.819489,0.154419,21.311
9700,-0.001597,0.819489,0.154419,21.2304
9710,-0.001065,0.819489,0.154419,21.2304
9720,-0.002662,0.819489,0.154419,21.2304
9730,-0.00213,0.819489,0.154419,21.2304
9740,-0.001597,0.819489,0.154419,21.2304
9750,-0.001065,0.441959,0.153887,21.2304
9760,-0.001065,0.490415,0.153354,21.311
9770,-0.001065,0.343983,0.153354,21.2304
9780,-0.001065,0.380724,0.153354,21.2304
9790,-0.001065,0.456869,0.153354,21.2304
9800,-0.001065,0.447817,0.153354,21.2304
9810,-0.001597,0.453674,0.153354,21.2304
9820,-0.001065,0.798189,0.153354,21.2304
9830,-0.00213,0.811501,0.152289,21.2304
9840,-0.001597,0.814696,0.152289,21.2304
9850,-0.001597,0.816826,0.152289,21.2304
9860,-0.001597,0.818424,0.152289,21.2304
9870,-0.00213,0.819489,0.152289,21.2304
9880,-0.001065,0.819489,0.152822,21.311
9890,-0.001597,0.820021,0.152822,21.2304
9900,-0.001597,0.820021,0.152822,21.311
9910,-0.00213,0.820021,0.152822,21.2304
9920,-0.00213,0.820554,0.152822,21.2304
9930,-0.001065,0.820554,0.152822,21.2304
9940,-0.001597,0.820554,0.152822,21.311
9950,-0.001597,0.820554,0.152822,21.2304
9960,-0.001597,0.820554,0.152822,21.2304
9970,-0.001065,0.820554,0.152822,21.2304
9980,-0.00213,0.820554,0.152822,21.2304
9990,-0.001597,0.821086,0.153354,21.311
10000,-0.001065,0.821086,0.152822,21.2304
10010,-0.001597,0.821086,0.153354,21.2304
10020,-0.001597,0.821086,0.153354,21.2304
10030,-0.001597,0.821086,0.153354,21.2304
10040,-0.002662,0.821086,0.153354,21.2304
10050,-0.001065,0.821086,0.153354,21.2304
10060,-0.001597,0.821619,0.153354,21.2304
10070,-0.001597,0.821086,0.153354,21.2304
10080,-0.001597,0.821619,0.153354,21.2304
10090,-0.001065,0.821086,0.153354,21.2304
10100,-0.001065,0.821619,0.153354,21.311
10110,-0.001065,0.821619,0.153354,21.2304
10120,-0.001597,0.821619,0.152822,21.311
10130,-0.001065,0.821619,0.152822,21.2304
10140,-0.001597,0.821619,0.152822,21.2304
10150,-0.001065,0.821619,0.152822,21.2304
10160,-0.001597,0.821619,0.152822,21.2304
10170,-0.001597,0.821619,0.152289,21.2304
10180,-0.001065,0.821619,0.152289,21.2304
10190,-0.001597,0.821619,0.152289,21.2304
10200,-0.00213,0.821619,0.152289,21.2304
10210,-0.00213,0.821619,0.151757,21.2304
10220,-0.001065,0.821619,0.151757,21.2304
10230,-0.001065,0.821619,0.152289,21.2304
10240,-0.001597,0.821619,0.152289,21.311
10250,-0.001065,0.821619,0.152289,21.311
10260,-0.001597,0.821619,0.152289,21.311
10270,-0.001597,0.821619,0.152289,21.2304
10280,-0.001597,0.821619,0.152289,21.2304
10290,-0.002662,0.821619,0.152289,21.311
10300,-0.001597,0.821619,0.152289,21.2304
10310,-0.001597,0.821619,0.152289,21.2304
10320,-0.001597,0.821619,0.151757,21.2304
10330,-0.001597,0.821619,0.151757,21.2304
10340,-0.001597,0.821619,0.151757,21.2304
10350,-0.001597,0.821619,0.152289,21.2304
10360,-0.00213,0.821619,0.151757,21.311
10370,-0.002662,0.821619,0.152289,21.2304
10380,-0.001065,0.821619,0.152289,21.311
10390,-0.001597,0.822151,0.151757,21.2304
10400,-0.001597,0.821619,0.151757,21.2304
10410,-0.001597,0.821619,0.151757,21.2304
10420,-0.001597,0.821619,0.151757,21.311
10430,-0.001597,0.821619,0.151757,21.311
10440,-0.00213,0.782215,0.152289,21.2304
10450,-0.003195,0.811501,0.151757,21.2304
10460,-0.001597,0.818956,0.152289,21.2304
10470,-0.00213,0.820021,0.152289,21.311
10480,-0.00213,0.819489,0.152289,21.311
10490,-0.00213,0.820021,0.152289,21.311
10500,-0.001065,0.815761,0.152289,21.311
10510,-0.001597,0.820021,0.152289,21.311
10520,-0.001597,0.820021,0.152289,21.311
10530,-0.00213,0.821086,0.152289,21.311
10540,-0.001597,0.821619,0.152822,21.311
10550,-0.001597,0.821619,0.152289,21.311
10560,-0.001597,0.821619,0.152289,21.311
10570,-0.001597,0.821619,0.152289,21.311
10580,-0.001597,0.821619,0.152289,21.311
10590,-0.001065,0.821619,0.152289,21.311
10600,-0.00213,0.821619,0.152289,21.311
10610,-0.001597,0.821619,0.152289,21.311
10620,-0.001597,0.821619,0.152289,21.311
10630,-0.00213,0.821619,0.152289,21.311
10640,-0.000532,0.821619,0.152289,21.311
10650,-0.001065,0.821619,0.152289,21.311
10660,-0.001597,0.821619,0.152289,21.311
10670,-0.001597,0.821619,0.152289,21.311
10680,-0.00213,0.821619,0.152289,21.311
10690,-0.001065,0.821619,0.151757,21.311
10700,-0.001065,0.821619,0.151225,21.311
10710,-0.001065,0.821619,0.151225,21.311
10720,-0.001065,0.821619,0.151225,21.311
10730,-0.001597,0.821619,0.151225,21.311
10740,-0.001065,0.821619,0.151757,21.311
10750,-0.001065,0.821619,0.151225,21.311
10760,-0.001065,0.821619,0.151757,21.311
10770,-0.001065,0.822151,0.151225,21.311
10780,-0.001597,0.821619,0.151757,21.311
10790,-0.001597,0.821619,0.151757,21.311
10800,-0.001065,0.821619,0.151757,21.311
10810,-0.001597,0.822151,0.151757,21.311
10820,-0.001065,0.822151,0.151225,21.311
10830,-0.002662,0.822151,0.151225,21.311
10840,-0.001597,0.822151,0.151757,21.311
10850,-0.00213,0.822151,0.151757,21.311
10860,-0.002662,0.822151,0.151757,21.311
10870,-0.001597,0.822151,0.151757,21.311
10880,-0.001065,0.822151,0.151757,21.311
10890,-0.001597,0.822151,0.151757,21.311
10900,-0.001597,0.822151,0.151757,21.311
10910,-0.002662,0.822151,0.151757,21.311
10920,-0.001597,0.822151,0.151757,21.311
10930,-0.002662,0.822151,0.151757,21.311
10940,-0.001065,0.822151,0.151757,21.3916
10950,-0.001065,0.822151,0.151757,21.311
10960,-0.001065,0.822151,0.151757,21.311
10970,-0.001065,0.822151,0.151757,21.311
10980,-0.001597,0.822151,0.151757,21.311
10990,-0.001065,0.822151,0.151757,21.311
11000,-0.00213,0.822151,0.151757,21.3916
11010,-0.002662,0.822151,0.151757,21.311
11020,-0.001065,0.822151,0.151757,21.311
11030,-0.001065,0.822151,0.152289,21.3916
11040,-0.00213,0.822151,0.152289,21.3916
11050,-0.002662,0.822151,0.152289,21.311
11060,-0.001597,0.822151,0.152289,21.3916
11070,-0.001597,0.822151,0.152289,21.311
11080,-0.001065,0.822151,0.152289,21.3916
11090,-0.001597,0.822151,0.152289,21.3916
11100,-0.001597,0.822151,0.151757,21.3916
11110,-0.00213,0.822151,0.151757,21.4721
11120,-0.001597,0.822151,0.151757,21.4721
11130,-0.001065,0.822151,0.151757,21.4721
11140,-0.001597,0.822151,0.151757,21.4721
11150,-0.001065,0.822151,0.151757,21.5527
11160,-0.001597,0.822151,0.151757,21.5527
11170,-0.001597,0.822151,0.152289,21.5527
11180,-0.000532,0.822151,0.152289,21.5527
11190,-0.000532,0.822151,0.152289,21.6333
11200,-0.000532,0.822151,0.152289,21.6333
